0 verbose cli /usr/local/bin/node /usr/local/bin/npm
1 info using npm@11.13.0
2 info using node@v24.16.0
3 silly config load:file:/usr/local/lib/node_modules/npm/npmrc
4 silly config load:file:/Users/vojin/Documents/Poslovi/Dev By Vojin/devbyvojin_website/.npmrc
5 silly config load:file:/Users/vojin/.npmrc
6 silly config load:file:/usr/local/etc/npmrc
7 verbose title npm install
8 verbose argv "install" "--cache" "/Users/vojin/Documents/Poslovi/Dev By Vojin/devbyvojin_website/.npm-cache"
9 verbose logfile logs-max:10 dir:/Users/vojin/Documents/Poslovi/Dev By Vojin/devbyvojin_website/.npm-cache/_logs/2026-09-11T10_54_37_619Z-
10 verbose logfile /Users/vojin/Documents/Poslovi/Dev By Vojin/devbyvojin_website/.npm-cache/_logs/2026-09-11T10_54_37_619Z-debug-0.log
11 silly logfile done cleaning log files
12 silly packumentCache heap:4496293888 maxSize:1124073472 maxEntrySize:562036736
13 silly idealTree buildDeps
14 silly reify moves {}
15 silly audit bulk request {
15 silly audit   '@alloc/quick-lru': [ '5.3.0' ],
15 silly audit   '@babel/code-frame': [ '7.29.7' ],
15 silly audit   '@babel/compat-data': [ '7.29.7' ],
15 silly audit   '@babel/core': [ '7.29.7' ],
15 silly audit   '@babel/generator': [ '7.29.8' ],
15 silly audit   '@babel/helper-annotate-as-pure': [ '7.29.7' ],
15 silly audit   '@babel/helper-compilation-targets': [ '7.29.7' ],
15 silly audit   '@babel/helper-create-class-features-plugin': [ '7.29.7' ],
15 silly audit   '@babel/helper-globals': [ '7.29.7' ],
15 silly audit   '@babel/helper-member-expression-to-functions': [ '7.29.7' ],
15 silly audit   '@babel/helper-module-imports': [ '7.29.7' ],
15 silly audit   '@babel/helper-module-transforms': [ '7.29.7' ],
15 silly audit   '@babel/helper-optimise-call-expression': [ '7.29.7' ],
15 silly audit   '@babel/helper-plugin-utils': [ '7.29.7' ],
15 silly audit   '@babel/helper-replace-supers': [ '7.29.7' ],
15 silly audit   '@babel/helper-skip-transparent-expression-wrappers': [ '7.29.7' ],
15 silly audit   '@babel/helper-string-parser': [ '7.29.7' ],
15 silly audit   '@babel/helper-validator-identifier': [ '7.29.7' ],
15 silly audit   '@babel/helper-validator-option': [ '7.29.7' ],
15 silly audit   '@babel/helpers': [ '7.29.7' ],
15 silly audit   '@babel/parser': [ '7.29.8' ],
15 silly audit   '@babel/plugin-syntax-jsx': [ '7.29.7' ],
15 silly audit   '@babel/plugin-syntax-typescript': [ '7.29.7' ],
15 silly audit   '@babel/plugin-transform-modules-commonjs': [ '7.29.7' ],
15 silly audit   '@babel/plugin-transform-typescript': [ '7.29.7' ],
15 silly audit   '@babel/preset-typescript': [ '7.29.7' ],
15 silly audit   '@babel/runtime': [ '7.29.7' ],
15 silly audit   '@babel/template': [ '7.29.7' ],
15 silly audit   '@babel/traverse': [ '7.29.8' ],
15 silly audit   '@babel/types': [ '7.29.8' ],
15 silly audit   '@base-ui/react': [ '1.7.0' ],
15 silly audit   '@base-ui/utils': [ '0.3.2' ],
15 silly audit   '@date-fns/tz': [ '1.5.0' ],
15 silly audit   '@dotenvx/dotenvx': [ '1.75.1' ],
15 silly audit   commander: [ '11.1.0', '14.0.3' ],
15 silly audit   'define-lazy-prop': [ '2.0.0', '3.0.0' ],
15 silly audit   execa: [ '5.1.1', '9.6.1' ],
15 silly audit   'get-stream': [ '6.0.1', '9.0.1' ],
15 silly audit   'human-signals': [ '2.1.0', '8.0.1' ],
15 silly audit   'is-docker': [ '2.2.1', '3.0.0' ],
15 silly audit   'is-stream': [ '2.0.1', '4.0.1' ],
15 silly audit   'is-wsl': [ '2.2.0', '3.1.1' ],
15 silly audit   'npm-run-path': [ '4.0.1', '6.0.0' ],
15 silly audit   open: [ '8.4.2', '11.0.2' ],
15 silly audit   'signal-exit': [ '3.0.7', '4.1.0' ],
15 silly audit   'strip-final-newline': [ '2.0.0', '4.0.0' ],
15 silly audit   '@dotenvx/primitives': [ '0.8.0' ],
15 silly audit   '@emnapi/core': [ '1.10.0' ],
15 silly audit   '@emnapi/runtime': [ '1.11.3' ],
15 silly audit   '@emnapi/wasi-threads': [ '1.2.1' ],
15 silly audit   '@floating-ui/core': [ '1.8.0' ],
15 silly audit   '@floating-ui/dom': [ '1.8.0' ],
15 silly audit   '@floating-ui/react-dom': [ '2.1.9' ],
15 silly audit   '@floating-ui/utils': [ '0.2.12' ],
15 silly audit   '@hono/node-server': [ '2.1.1' ],
15 silly audit   '@img/colour': [ '1.1.0' ],
15 silly audit   '@img/sharp-freebsd-wasm32': [ '0.35.4' ],
15 silly audit   '@img/sharp-wasm32': [ '0.35.4' ],
15 silly audit   '@img/sharp-webcontainers-wasm32': [ '0.35.4' ],
15 silly audit   '@jridgewell/gen-mapping': [ '0.3.13' ],
15 silly audit   '@jridgewell/remapping': [ '2.3.5' ],
15 silly audit   '@jridgewell/resolve-uri': [ '3.1.2' ],
15 silly audit   '@jridgewell/sourcemap-codec': [ '1.6.0' ],
15 silly audit   '@jridgewell/trace-mapping': [ '0.3.31' ],
15 silly audit   '@modelcontextprotocol/sdk': [ '1.30.0' ],
15 silly audit   '@napi-rs/wasm-runtime': [ '1.2.3' ],
15 silly audit   '@next/env': [ '16.3.4' ],
15 silly audit   '@next/swc-darwin-arm64': [ '16.3.4' ],
15 silly audit   '@next/swc-darwin-x64': [ '16.3.4' ],
15 silly audit   '@next/swc-linux-arm64-gnu': [ '16.3.4' ],
15 silly audit   '@next/swc-linux-arm64-musl': [ '16.3.4' ],
15 silly audit   '@next/swc-linux-x64-gnu': [ '16.3.4' ],
15 silly audit   '@next/swc-linux-x64-musl': [ '16.3.4' ],
15 silly audit   '@next/swc-win32-arm64-msvc': [ '16.3.4' ],
15 silly audit   '@next/swc-win32-x64-msvc': [ '16.3.4' ],
15 silly audit   '@nodelib/fs.scandir': [ '2.1.5' ],
15 silly audit   '@nodelib/fs.stat': [ '2.0.5' ],
15 silly audit   '@nodelib/fs.walk': [ '1.2.8' ],
15 silly audit   '@oxfmt/binding-android-arm-eabi': [ '0.61.0' ],
15 silly audit   '@oxfmt/binding-android-arm64': [ '0.61.0' ],
15 silly audit   '@oxfmt/binding-darwin-arm64': [ '0.61.0' ],
15 silly audit   '@oxfmt/binding-darwin-x64': [ '0.61.0' ],
15 silly audit   '@oxfmt/binding-freebsd-x64': [ '0.61.0' ],
15 silly audit   '@oxfmt/binding-linux-arm-gnueabihf': [ '0.61.0' ],
15 silly audit   '@oxfmt/binding-linux-arm-musleabihf': [ '0.61.0' ],
15 silly audit   '@oxfmt/binding-linux-arm64-gnu': [ '0.61.0' ],
15 silly audit   '@oxfmt/binding-linux-arm64-musl': [ '0.61.0' ],
15 silly audit   '@oxfmt/binding-linux-ppc64-gnu': [ '0.61.0' ],
15 silly audit   '@oxfmt/binding-linux-riscv64-gnu': [ '0.61.0' ],
15 silly audit   '@oxfmt/binding-linux-riscv64-musl': [ '0.61.0' ],
15 silly audit   '@oxfmt/binding-linux-s390x-gnu': [ '0.61.0' ],
15 silly audit   '@oxfmt/binding-linux-x64-gnu': [ '0.61.0' ],
15 silly audit   '@oxfmt/binding-linux-x64-musl': [ '0.61.0' ],
15 silly audit   '@oxfmt/binding-openharmony-arm64': [ '0.61.0' ],
15 silly audit   '@oxfmt/binding-win32-arm64-msvc': [ '0.61.0' ],
15 silly audit   '@oxfmt/binding-win32-ia32-msvc': [ '0.61.0' ],
15 silly audit   '@oxfmt/binding-win32-x64-msvc': [ '0.61.0' ],
15 silly audit   '@oxlint-tsgolint/darwin-arm64': [ '7.0.2001' ],
15 silly audit   '@oxlint-tsgolint/darwin-x64': [ '7.0.2001' ],
15 silly audit   '@oxlint-tsgolint/linux-arm64': [ '7.0.2001' ],
15 silly audit   '@oxlint-tsgolint/linux-x64': [ '7.0.2001' ],
15 silly audit   '@oxlint-tsgolint/win32-arm64': [ '7.0.2001' ],
15 silly audit   '@oxlint-tsgolint/win32-x64': [ '7.0.2001' ],
15 silly audit   '@oxlint/binding-android-arm-eabi': [ '1.76.0' ],
15 silly audit   '@oxlint/binding-android-arm64': [ '1.76.0' ],
15 silly audit   '@oxlint/binding-darwin-arm64': [ '1.76.0' ],
15 silly audit   '@oxlint/binding-darwin-x64': [ '1.76.0' ],
15 silly audit   '@oxlint/binding-freebsd-x64': [ '1.76.0' ],
15 silly audit   '@oxlint/binding-linux-arm-gnueabihf': [ '1.76.0' ],
15 silly audit   '@oxlint/binding-linux-arm-musleabihf': [ '1.76.0' ],
15 silly audit   '@oxlint/binding-linux-arm64-gnu': [ '1.76.0' ],
15 silly audit   '@oxlint/binding-linux-arm64-musl': [ '1.76.0' ],
15 silly audit   '@oxlint/binding-linux-ppc64-gnu': [ '1.76.0' ],
15 silly audit   '@oxlint/binding-linux-riscv64-gnu': [ '1.76.0' ],
15 silly audit   '@oxlint/binding-linux-riscv64-musl': [ '1.76.0' ],
15 silly audit   '@oxlint/binding-linux-s390x-gnu': [ '1.76.0' ],
15 silly audit   '@oxlint/binding-linux-x64-gnu': [ '1.76.0' ],
15 silly audit   '@oxlint/binding-linux-x64-musl': [ '1.76.0' ],
15 silly audit   '@oxlint/binding-openharmony-arm64': [ '1.76.0' ],
15 silly audit   '@oxlint/binding-win32-arm64-msvc': [ '1.76.0' ],
15 silly audit   '@oxlint/binding-win32-ia32-msvc': [ '1.76.0' ],
15 silly audit   '@oxlint/binding-win32-x64-msvc': [ '1.76.0' ],
15 silly audit   '@radix-ui/primitive': [ '1.1.7' ],
15 silly audit   '@radix-ui/react-compose-refs': [ '1.1.5' ],
15 silly audit   '@radix-ui/react-context': [ '1.2.2' ],
15 silly audit   '@radix-ui/react-dialog': [ '1.1.23' ],
15 silly audit   '@radix-ui/react-dismissable-layer': [ '1.1.19' ],
15 silly audit   '@radix-ui/react-focus-guards': [ '1.1.6' ],
15 silly audit   '@radix-ui/react-focus-scope': [ '1.1.16' ],
15 silly audit   '@radix-ui/react-id': [ '1.1.4' ],
15 silly audit   '@radix-ui/react-portal': [ '1.1.17' ],
15 silly audit   '@radix-ui/react-presence': [ '1.1.10' ],
15 silly audit   '@radix-ui/react-primitive': [ '2.1.10' ],
15 silly audit   '@radix-ui/react-slot': [ '1.3.3' ],
15 silly audit   '@radix-ui/react-use-callback-ref': [ '1.1.4' ],
15 silly audit   '@radix-ui/react-use-controllable-state': [ '1.2.6' ],
15 silly audit   '@radix-ui/react-use-effect-event': [ '0.0.5' ],
15 silly audit   '@radix-ui/react-use-layout-effect': [ '1.1.4' ],
15 silly audit   '@reduxjs/toolkit': [ '2.12.0' ],
15 silly audit   immer: [ '11.1.18', '10.2.0' ],
15 silly audit   '@sec-ant/readable-stream': [ '0.4.1' ],
15 silly audit   '@shadcn/react': [ '0.3.0' ],
15 silly audit   '@sindresorhus/merge-streams': [ '4.0.0' ],
15 silly audit   '@standard-schema/spec': [ '1.1.0' ],
15 silly audit   '@standard-schema/utils': [ '0.3.0' ],
15 silly audit   '@swc/helpers': [ '0.5.23' ],
15 silly audit   '@tailwindcss/node': [ '4.2.1' ],
15 silly audit   '@tailwindcss/oxide': [ '4.2.1' ],
15 silly audit   '@tailwindcss/oxide-android-arm64': [ '4.2.1' ],
15 silly audit   '@tailwindcss/oxide-darwin-arm64': [ '4.2.1' ],
15 silly audit   '@tailwindcss/oxide-darwin-x64': [ '4.2.1' ],
15 silly audit   '@tailwindcss/oxide-freebsd-x64': [ '4.2.1' ],
15 silly audit   '@tailwindcss/oxide-linux-arm-gnueabihf': [ '4.2.1' ],
15 silly audit   '@tailwindcss/oxide-linux-arm64-gnu': [ '4.2.1' ],
15 silly audit   '@tailwindcss/oxide-linux-arm64-musl': [ '4.2.1' ],
15 silly audit   '@tailwindcss/oxide-linux-x64-gnu': [ '4.2.1' ],
15 silly audit   '@tailwindcss/oxide-linux-x64-musl': [ '4.2.1' ],
15 silly audit   '@tailwindcss/oxide-wasm32-wasi': [ '4.2.1' ],
15 silly audit   '@tailwindcss/oxide-win32-arm64-msvc': [ '4.2.1' ],
15 silly audit   '@tailwindcss/oxide-win32-x64-msvc': [ '4.2.1' ],
15 silly audit   '@tailwindcss/postcss': [ '4.2.1' ],
15 silly audit   '@ts-morph/common': [ '0.27.0' ],
15 silly audit   '@tybys/wasm-util': [ '0.10.3' ],
15 silly audit   '@types/d3-array': [ '3.2.2' ],
15 silly audit   '@types/d3-color': [ '3.1.3' ],
15 silly audit   '@types/d3-ease': [ '3.0.2' ],
15 silly audit   '@types/d3-interpolate': [ '3.0.4' ],
15 silly audit   '@types/d3-path': [ '3.1.1' ],
15 silly audit   '@types/d3-scale': [ '4.0.9' ],
15 silly audit   '@types/d3-shape': [ '3.2.0' ],
15 silly audit   '@types/d3-time': [ '3.0.4' ],
15 silly audit   '@types/d3-timer': [ '3.0.2' ],
15 silly audit   '@types/node': [ '22.19.19' ],
15 silly audit   '@types/react': [ '19.2.14' ],
15 silly audit   '@types/react-dom': [ '19.2.3' ],
15 silly audit   '@types/use-sync-external-store': [ '0.0.6' ],
15 silly audit   '@types/validate-npm-package-name': [ '4.0.2' ],
15 silly audit   '@vercel/analytics': [ '2.0.1' ],
15 silly audit   '@vercel/speed-insights': [ '2.0.0' ],
15 silly audit   accepts: [ '2.0.0' ],
15 silly audit   ajv: [ '8.20.0' ],
15 silly audit   'ajv-formats': [ '3.0.1', '2.1.1' ],
15 silly audit   'ansi-colors': [ '4.1.3' ],
15 silly audit   'ansi-regex': [ '5.0.1', '6.3.0' ],
15 silly audit   argparse: [ '2.0.1' ],
15 silly audit   'aria-hidden': [ '1.2.6' ],
15 silly audit   'ast-types': [ '0.16.3' ],
15 silly audit   atomically: [ '1.7.0' ],
15 silly audit   'balanced-match': [ '4.0.4' ],
15 silly audit   'baseline-browser-mapping': [ '2.11.21' ],
15 silly audit   'body-parser': [ '2.3.0' ],
15 silly audit   'content-type': [ '2.1.0', '1.0.5' ],
15 silly audit   'brace-expansion': [ '5.0.9' ],
15 silly audit   braces: [ '3.0.3' ],
15 silly audit   browserslist: [ '4.28.9' ],
15 silly audit   'bundle-name': [ '4.1.0' ],
15 silly audit   bytes: [ '3.1.2' ],
15 silly audit   'call-bind-apply-helpers': [ '1.0.2' ],
15 silly audit   'call-bound': [ '1.0.4' ],
15 silly audit   callsites: [ '3.1.0' ],
15 silly audit   'caniuse-lite': [ '1.0.30001810' ],
15 silly audit   chalk: [ '5.6.2' ],
15 silly audit   'class-variance-authority': [ '0.7.1' ],
15 silly audit   'cli-cursor': [ '5.0.0' ],
15 silly audit   'cli-spinners': [ '2.9.2' ],
15 silly audit   'client-only': [ '0.0.1' ],
15 silly audit   clsx: [ '2.1.1' ],
15 silly audit   cmdk: [ '1.1.1' ],
15 silly audit   'code-block-writer': [ '13.0.3' ],
15 silly audit   conf: [ '10.2.0' ],
15 silly audit   'json-schema-typed': [ '7.0.3', '8.0.2' ],
15 silly audit   semver: [ '7.8.5', '6.3.1' ],
15 silly audit   'content-disposition': [ '1.1.0' ],
15 silly audit   'convert-source-map': [ '2.0.0' ],
15 silly audit   cookie: [ '0.7.2' ],
15 silly audit   'cookie-signature': [ '1.2.2' ],
15 silly audit   cors: [ '2.8.6' ],
15 silly audit   cosmiconfig: [ '9.0.2' ],
15 silly audit   'cross-spawn': [ '7.0.6' ],
15 silly audit   isexe: [ '2.0.0', '3.1.5' ],
15 silly audit   which: [ '2.0.2', '4.0.0' ],
15 silly audit   cssesc: [ '3.0.0' ],
15 silly audit   csstype: [ '3.2.3' ],
15 silly audit   'd3-array': [ '3.2.4' ],
15 silly audit   'd3-color': [ '3.1.0' ],
15 silly audit   'd3-ease': [ '3.0.1' ],
15 silly audit   'd3-format': [ '3.1.2' ],
15 silly audit   'd3-interpolate': [ '3.0.1' ],
15 silly audit   'd3-path': [ '3.1.0' ],
15 silly audit   'd3-scale': [ '4.0.2' ],
15 silly audit   'd3-shape': [ '3.2.0' ],
15 silly audit   'd3-time': [ '3.1.0' ],
15 silly audit   'd3-time-format': [ '4.1.0' ],
15 silly audit   'd3-timer': [ '3.0.1' ],
15 silly audit   'date-fns': [ '4.1.0' ],
15 silly audit   'date-fns-jalali': [ '4.1.0-0' ],
15 silly audit   'debounce-fn': [ '4.0.0' ],
15 silly audit   debug: [ '4.4.3' ],
15 silly audit   'decimal.js-light': [ '2.5.1' ],
15 silly audit   dedent: [ '1.7.2' ],
15 silly audit   deepmerge: [ '4.3.1' ],
15 silly audit   'default-browser': [ '5.5.1' ],
15 silly audit   'default-browser-id': [ '5.0.1' ],
15 silly audit   depd: [ '2.0.0' ],
15 silly audit   'detect-libc': [ '2.1.2' ],
15 silly audit   'detect-node-es': [ '1.1.0' ],
15 silly audit   diff: [ '8.0.4' ],
15 silly audit   'dot-prop': [ '6.0.1' ],
15 silly audit   dotenv: [ '17.4.2' ],
15 silly audit   'dunder-proto': [ '1.0.1' ],
15 silly audit   'ee-first': [ '1.1.1' ],
15 silly audit   'electron-to-chromium': [ '1.5.422' ],
15 silly audit   'embla-carousel': [ '8.5.2' ],
15 silly audit   'embla-carousel-react': [ '8.5.2' ],
15 silly audit   'embla-carousel-reactive-utils': [ '8.5.2' ],
15 silly audit   'emoji-regex': [ '10.6.0' ],
15 silly audit   encodeurl: [ '2.0.0' ],
15 silly audit   'enhanced-resolve': [ '5.24.5' ],
15 silly audit   enquirer: [ '2.4.1' ],
15 silly audit   'env-paths': [ '2.2.1' ],
15 silly audit   'error-ex': [ '1.3.4' ],
15 silly audit   'es-define-property': [ '1.0.1' ],
15 silly audit   'es-errors': [ '1.3.0' ],
15 silly audit   'es-object-atoms': [ '1.1.2' ],
15 silly audit   'es-toolkit': [ '1.52.0' ],
15 silly audit   escalade: [ '3.2.0' ],
15 silly audit   'escape-html': [ '1.0.3' ],
15 silly audit   esprima: [ '4.0.1' ],
15 silly audit   etag: [ '1.8.1' ],
15 silly audit   eventemitter3: [ '5.0.4' ],
15 silly audit   eventsource: [ '3.0.7' ],
15 silly audit   'eventsource-parser': [ '3.1.1' ],
15 silly audit   express: [ '5.2.1' ],
15 silly audit   'express-rate-limit': [ '8.7.0' ],
15 silly audit   'fast-deep-equal': [ '3.1.3' ],
15 silly audit   'fast-glob': [ '3.3.3' ],
15 silly audit   'fast-uri': [ '3.1.7' ],
15 silly audit   fastq: [ '1.20.3' ],
15 silly audit   fdir: [ '6.5.0' ],
15 silly audit   figures: [ '6.1.0' ],
15 silly audit   'fill-range': [ '7.1.1' ],
15 silly audit   finalhandler: [ '2.1.1' ],
15 silly audit   'find-up': [ '3.0.0' ],
15 silly audit   forwarded: [ '0.2.0' ],
15 silly audit   fresh: [ '2.0.0' ],
15 silly audit   'fs-extra': [ '11.4.0' ],
15 silly audit   'function-bind': [ '1.1.2' ],
15 silly audit   fuzzysort: [ '3.1.0' ],
15 silly audit   gensync: [ '1.0.0-beta.2' ],
15 silly audit   'get-east-asian-width': [ '1.6.0' ],
15 silly audit   'get-intrinsic': [ '1.3.0' ],
15 silly audit   'get-nonce': [ '1.0.1' ],
15 silly audit   'get-own-enumerable-keys': [ '1.0.0' ],
15 silly audit   'get-proto': [ '1.0.1' ],
15 silly audit   'glob-parent': [ '5.1.2' ],
15 silly audit   gopd: [ '1.2.0' ],
15 silly audit   'graceful-fs': [ '4.2.11' ],
15 silly audit   'has-symbols': [ '1.1.0' ],
15 silly audit   hasown: [ '2.0.4' ],
15 silly audit   hono: [ '4.13.7' ],
15 silly audit   'http-errors': [ '2.0.1' ],
15 silly audit   'iconv-lite': [ '0.7.3' ],
15 silly audit   ignore: [ '5.3.2' ],
15 silly audit   'import-fresh': [ '3.3.1' ],
15 silly audit   inherits: [ '2.0.4' ],
15 silly audit   'input-otp': [ '1.4.2' ],
15 silly audit   internmap: [ '2.0.3' ],
15 silly audit   'ip-address': [ '10.7.0' ],
15 silly audit   'ipaddr.js': [ '1.9.1' ],
15 silly audit   'is-arrayish': [ '0.2.1' ],
15 silly audit   'is-extglob': [ '2.1.1' ],
15 silly audit   'is-glob': [ '4.0.3' ],
15 silly audit   'is-in-ssh': [ '1.0.0' ],
15 silly audit   'is-inside-container': [ '1.0.0' ],
15 silly audit   'is-interactive': [ '2.0.0' ],
15 silly audit   'is-number': [ '7.0.0' ],
15 silly audit   'is-obj': [ '2.0.0', '3.0.0' ],
15 silly audit   'is-plain-obj': [ '4.1.0' ],
15 silly audit   'is-promise': [ '4.0.0' ],
15 silly audit   'is-regexp': [ '3.1.0' ],
15 silly audit   'is-unicode-supported': [ '2.1.0', '1.3.0' ],
15 silly audit   jiti: [ '2.7.0' ],
15 silly audit   jose: [ '6.2.11' ],
15 silly audit   'js-tokens': [ '4.0.0' ],
15 silly audit   'js-yaml': [ '4.3.2' ],
15 silly audit   jsesc: [ '3.1.0' ],
15 silly audit   'json-parse-even-better-errors': [ '2.3.1' ],
15 silly audit   'json-schema-traverse': [ '1.0.0' ],
15 silly audit   json5: [ '2.2.3' ],
15 silly audit   jsonfile: [ '6.2.1' ],
15 silly audit   kleur: [ '4.1.5', '3.0.3' ],
15 silly audit   lightningcss: [ '1.31.1' ],
15 silly audit   'lightningcss-android-arm64': [ '1.31.1' ],
15 silly audit   'lightningcss-darwin-arm64': [ '1.31.1' ],
15 silly audit   'lightningcss-darwin-x64': [ '1.31.1' ],
15 silly audit   'lightningcss-freebsd-x64': [ '1.31.1' ],
15 silly audit   'lightningcss-linux-arm-gnueabihf': [ '1.31.1' ],
15 silly audit   'lightningcss-linux-arm64-gnu': [ '1.31.1' ],
15 silly audit   'lightningcss-linux-arm64-musl': [ '1.31.1' ],
15 silly audit   'lightningcss-linux-x64-gnu': [ '1.31.1' ],
15 silly audit   'lightningcss-linux-x64-musl': [ '1.31.1' ],
15 silly audit   'lightningcss-win32-arm64-msvc': [ '1.31.1' ],
15 silly audit   'lightningcss-win32-x64-msvc': [ '1.31.1' ],
15 silly audit   'lines-and-columns': [ '1.2.4' ],
15 silly audit   'locate-path': [ '3.0.0' ],
15 silly audit   'log-symbols': [ '6.0.0' ],
15 silly audit   'lru-cache': [ '5.1.1' ],
15 silly audit   'lucide-react': [ '1.31.0' ],
15 silly audit   'magic-string': [ '0.30.21' ],
15 silly audit   'math-intrinsics': [ '1.1.0' ],
15 silly audit   'media-typer': [ '1.1.1' ],
15 silly audit   'merge-descriptors': [ '2.0.0' ],
15 silly audit   'merge-stream': [ '2.0.0' ],
15 silly audit   merge2: [ '1.4.1' ],
15 silly audit   micromatch: [ '4.0.8' ],
15 silly audit   picomatch: [ '2.3.2', '4.0.7' ],
15 silly audit   'mime-db': [ '1.54.0' ],
15 silly audit   'mime-types': [ '3.0.2' ],
15 silly audit   'mimic-fn': [ '3.1.0', '2.1.0' ],
15 silly audit   'mimic-function': [ '5.0.1' ],
15 silly audit   minimatch: [ '10.2.6' ],
15 silly audit   minimist: [ '1.2.8' ],
15 silly audit   ms: [ '2.1.3' ],
15 silly audit   nanoid: [ '3.3.18' ],
15 silly audit   negotiator: [ '1.1.0' ],
15 silly audit   next: [ '16.3.4' ],
15 silly audit   '@img/sharp-darwin-arm64': [ '0.35.4' ],
15 silly audit   '@img/sharp-darwin-x64': [ '0.35.4' ],
15 silly audit   '@img/sharp-libvips-darwin-arm64': [ '1.3.3' ],
15 silly audit   '@img/sharp-libvips-darwin-x64': [ '1.3.3' ],
15 silly audit   '@img/sharp-libvips-linux-arm': [ '1.3.3' ],
15 silly audit   '@img/sharp-libvips-linux-arm64': [ '1.3.3' ],
15 silly audit   '@img/sharp-libvips-linux-ppc64': [ '1.3.3' ],
15 silly audit   '@img/sharp-libvips-linux-riscv64': [ '1.3.3' ],
15 silly audit   '@img/sharp-libvips-linux-s390x': [ '1.3.3' ],
15 silly audit   '@img/sharp-libvips-linux-x64': [ '1.3.3' ],
15 silly audit   '@img/sharp-libvips-linuxmusl-arm64': [ '1.3.3' ],
15 silly audit   '@img/sharp-libvips-linuxmusl-x64': [ '1.3.3' ],
15 silly audit   '@img/sharp-linux-arm': [ '0.35.4' ],
15 silly audit   '@img/sharp-linux-arm64': [ '0.35.4' ],
15 silly audit   '@img/sharp-linux-ppc64': [ '0.35.4' ],
15 silly audit   '@img/sharp-linux-riscv64': [ '0.35.4' ],
15 silly audit   '@img/sharp-linux-s390x': [ '0.35.4' ],
15 silly audit   '@img/sharp-linux-x64': [ '0.35.4' ],
15 silly audit   '@img/sharp-linuxmusl-arm64': [ '0.35.4' ],
15 silly audit   '@img/sharp-linuxmusl-x64': [ '0.35.4' ],
15 silly audit   '@img/sharp-win32-arm64': [ '0.35.4' ],
15 silly audit   '@img/sharp-win32-ia32': [ '0.35.4' ],
15 silly audit   '@img/sharp-win32-x64': [ '0.35.4' ],
15 silly audit   postcss: [ '8.5.23', '8.5.28' ],
15 silly audit   sharp: [ '0.35.4' ],
15 silly audit   'node-releases': [ '2.0.54' ],
15 silly audit   'path-key': [ '4.0.0', '3.1.1' ],
15 silly audit   'object-assign': [ '4.1.1' ],
15 silly audit   'object-inspect': [ '1.13.4' ],
15 silly audit   'object-treeify': [ '1.1.33' ],
15 silly audit   'on-finished': [ '2.4.1' ],
15 silly audit   once: [ '1.4.0' ],
15 silly audit   onetime: [ '5.1.2', '7.0.0' ],
15 silly audit   ora: [ '8.2.0' ],
15 silly audit   'strip-ansi': [ '7.2.0', '6.0.1' ],
15 silly audit   oxfmt: [ '0.61.0' ],
15 silly audit   oxlint: [ '1.76.0' ],
15 silly audit   'oxlint-tsgolint': [ '7.0.2001' ],
15 silly audit   'p-limit': [ '2.3.0' ],
15 silly audit   'p-locate': [ '3.0.0' ],
15 silly audit   'p-try': [ '2.2.0' ],
15 silly audit   'parent-module': [ '1.0.1' ],
15 silly audit   'parse-json': [ '5.2.0' ],
15 silly audit   'parse-ms': [ '4.0.0' ],
15 silly audit   parseurl: [ '1.3.3' ],
15 silly audit   'path-browserify': [ '1.0.1' ],
15 silly audit   'path-exists': [ '3.0.0' ],
15 silly audit   'path-to-regexp': [ '8.4.2' ],
15 silly audit   picocolors: [ '1.1.1' ],
15 silly audit   'pkce-challenge': [ '5.0.1' ],
15 silly audit   'pkg-up': [ '3.1.0' ],
15 silly audit   'postcss-selector-parser': [ '7.1.6' ],
15 silly audit   'powershell-utils': [ '0.2.1', '0.1.0' ],
15 silly audit   'pretty-ms': [ '9.3.1' ],
15 silly audit   prompts: [ '2.4.2' ],
15 silly audit   'proxy-addr': [ '2.0.7' ],
15 silly audit   qs: [ '6.16.0' ],
15 silly audit   'queue-microtask': [ '1.2.3' ],
15 silly audit   'range-parser': [ '1.3.0' ],
15 silly audit   'raw-body': [ '3.0.2' ],
15 silly audit   react: [ '19.2.6' ],
15 silly audit   'react-day-picker': [ '9.8.1' ],
15 silly audit   'react-dom': [ '19.2.6' ],
15 silly audit   'react-is': [ '19.2.8' ],
15 silly audit   'react-redux': [ '9.3.0' ],
15 silly audit   'react-remove-scroll': [ '2.7.2' ],
15 silly audit   'react-remove-scroll-bar': [ '2.3.8' ],
15 silly audit   'react-resizable-panels': [ '4.5.8' ],
15 silly audit   'react-style-singleton': [ '2.2.3' ],
15 silly audit   recast: [ '0.23.21' ],
15 silly audit   recharts: [ '3.8.0' ],
15 silly audit   reselect: [ '5.1.1', '5.3.0' ],
15 silly audit   redux: [ '5.0.1' ],
15 silly audit   'redux-thunk': [ '3.1.0' ],
15 silly audit   'require-from-string': [ '2.0.2' ],
15 silly audit   'resolve-from': [ '4.0.0' ],
15 silly audit   'restore-cursor': [ '5.1.0' ],
15 silly audit   reusify: [ '1.1.0' ],
15 silly audit   router: [ '2.2.0' ],
15 silly audit   'run-applescript': [ '7.1.0' ],
15 silly audit   'run-parallel': [ '1.2.0' ],
15 silly audit   'safer-buffer': [ '2.1.2' ],
15 silly audit   scheduler: [ '0.27.0' ],
15 silly audit   send: [ '1.2.1' ],
15 silly audit   'serve-static': [ '2.2.1' ],
15 silly audit   setprototypeof: [ '1.2.0' ],
15 silly audit   shadcn: [ '4.18.0' ],
15 silly audit   undici: [ '7.29.1', '7.24.8' ],
15 silly audit   'shebang-command': [ '2.0.0' ],
15 silly audit   'shebang-regex': [ '3.0.0' ],
15 silly audit   'side-channel': [ '1.1.1' ],
15 silly audit   'side-channel-list': [ '1.0.1' ],
15 silly audit   'side-channel-map': [ '1.0.1' ],
15 silly audit   'side-channel-weakmap': [ '1.0.2' ],
15 silly audit   sisteransi: [ '1.0.5' ],
15 silly audit   'smart-buffer': [ '4.2.0' ],
15 silly audit   socks: [ '2.8.10' ],
15 silly audit   'source-map': [ '0.6.1' ],
15 silly audit   'source-map-js': [ '1.2.1' ],
15 silly audit   statuses: [ '2.0.2' ],
15 silly audit   'stdin-discarder': [ '0.2.2' ],
15 silly audit   'string-width': [ '7.2.0' ],
15 silly audit   'stringify-object': [ '5.0.0' ],
15 silly audit   'strip-bom': [ '3.0.0' ],
15 silly audit   'styled-jsx': [ '5.1.6' ],
15 silly audit   systeminformation: [ '5.33.8' ],
15 silly audit   'tailwind-merge': [ '3.6.0' ],
15 silly audit   tailwindcss: [ '4.2.1' ],
15 silly audit   tapable: [ '2.3.3' ],
15 silly audit   'tiny-invariant': [ '1.3.3' ],
15 silly audit   tinypool: [ '2.1.0' ],
15 silly audit   'to-regex-range': [ '5.0.1' ],
15 silly audit   toidentifier: [ '1.0.1' ],
15 silly audit   'ts-morph': [ '26.0.0' ],
15 silly audit   'tsconfig-paths': [ '4.2.0' ],
15 silly audit   tslib: [ '2.8.1' ],
15 silly audit   'type-is': [ '2.1.0' ],
15 silly audit   typescript: [ '5.9.3' ],
15 silly audit   'undici-types': [ '6.21.0' ],
15 silly audit   'unicorn-magic': [ '0.3.0' ],
15 silly audit   universalify: [ '2.0.1' ],
15 silly audit   unpipe: [ '1.0.0' ],
15 silly audit   'update-browserslist-db': [ '1.3.2' ],
15 silly audit   'use-callback-ref': [ '1.3.3' ],
15 silly audit   'use-sidecar': [ '1.1.3' ],
15 silly audit   'use-sync-external-store': [ '1.6.0' ],
15 silly audit   'util-deprecate': [ '1.0.2' ],
15 silly audit   'validate-npm-package-name': [ '7.0.2' ],
15 silly audit   vary: [ '1.1.2' ],
15 silly audit   'victory-vendor': [ '37.3.6' ],
15 silly audit   wrappy: [ '1.0.2' ],
15 silly audit   'wsl-utils': [ '1.0.0' ],
15 silly audit   yallist: [ '3.1.1' ],
15 silly audit   'yocto-spinner': [ '1.2.2' ],
15 silly audit   yoctocolors: [ '2.2.0' ],
15 silly audit   zod: [ '3.25.76' ],
15 silly audit   'zod-to-json-schema': [ '3.25.2' ]
15 silly audit }
16 http cache zod-to-json-schema@https://registry.npmjs.org/zod-to-json-schema/-/zod-to-json-schema-3.25.2.tgz 0ms (cache hit)
17 http cache zod@https://registry.npmjs.org/zod/-/zod-3.25.76.tgz 0ms (cache hit)
18 http cache yocto-spinner@https://registry.npmjs.org/yocto-spinner/-/yocto-spinner-1.2.2.tgz 0ms (cache hit)
19 http cache yoctocolors@https://registry.npmjs.org/yoctocolors/-/yoctocolors-2.2.0.tgz 0ms (cache hit)
20 http cache wsl-utils@https://registry.npmjs.org/wsl-utils/-/wsl-utils-1.0.0.tgz 0ms (cache hit)
21 http cache wrappy@https://registry.npmjs.org/wrappy/-/wrappy-1.0.2.tgz 0ms (cache hit)
22 http cache which@https://registry.npmjs.org/which/-/which-4.0.0.tgz 0ms (cache hit)
23 http cache victory-vendor@https://registry.npmjs.org/victory-vendor/-/victory-vendor-37.3.6.tgz 0ms (cache hit)
24 http cache yallist@https://registry.npmjs.org/yallist/-/yallist-3.1.1.tgz 0ms (cache hit)
25 http cache vary@https://registry.npmjs.org/vary/-/vary-1.1.2.tgz 0ms (cache hit)
26 http cache util-deprecate@https://registry.npmjs.org/util-deprecate/-/util-deprecate-1.0.2.tgz 0ms (cache hit)
27 http cache use-sync-external-store@https://registry.npmjs.org/use-sync-external-store/-/use-sync-external-store-1.6.0.tgz 0ms (cache hit)
28 http cache use-sidecar@https://registry.npmjs.org/use-sidecar/-/use-sidecar-1.1.3.tgz 0ms (cache hit)
29 http cache validate-npm-package-name@https://registry.npmjs.org/validate-npm-package-name/-/validate-npm-package-name-7.0.2.tgz 0ms (cache hit)
30 http cache update-browserslist-db@https://registry.npmjs.org/update-browserslist-db/-/update-browserslist-db-1.3.2.tgz 0ms (cache hit)
31 http cache use-callback-ref@https://registry.npmjs.org/use-callback-ref/-/use-callback-ref-1.3.3.tgz 0ms (cache hit)
32 http cache unpipe@https://registry.npmjs.org/unpipe/-/unpipe-1.0.0.tgz 0ms (cache hit)
33 http cache unicorn-magic@https://registry.npmjs.org/unicorn-magic/-/unicorn-magic-0.3.0.tgz 0ms (cache hit)
34 http cache universalify@https://registry.npmjs.org/universalify/-/universalify-2.0.1.tgz 0ms (cache hit)
35 http cache undici-types@https://registry.npmjs.org/undici-types/-/undici-types-6.21.0.tgz 0ms (cache hit)
36 http cache undici@https://registry.npmjs.org/undici/-/undici-7.24.8.tgz 0ms (cache hit)
37 http cache typescript@https://registry.npmjs.org/typescript/-/typescript-5.9.3.tgz 0ms (cache hit)
38 http cache type-is@https://registry.npmjs.org/type-is/-/type-is-2.1.0.tgz 0ms (cache hit)
39 http cache tsconfig-paths@https://registry.npmjs.org/tsconfig-paths/-/tsconfig-paths-4.2.0.tgz 0ms (cache hit)
40 http cache tslib@https://registry.npmjs.org/tslib/-/tslib-2.8.1.tgz 0ms (cache hit)
41 http cache ts-morph@https://registry.npmjs.org/ts-morph/-/ts-morph-26.0.0.tgz 0ms (cache hit)
42 http cache toidentifier@https://registry.npmjs.org/toidentifier/-/toidentifier-1.0.1.tgz 0ms (cache hit)
43 http cache tinypool@https://registry.npmjs.org/tinypool/-/tinypool-2.1.0.tgz 0ms (cache hit)
44 http cache tailwindcss@https://registry.npmjs.org/tailwindcss/-/tailwindcss-4.2.1.tgz 0ms (cache hit)
45 http cache to-regex-range@https://registry.npmjs.org/to-regex-range/-/to-regex-range-5.0.1.tgz 0ms (cache hit)
46 http cache tapable@https://registry.npmjs.org/tapable/-/tapable-2.3.3.tgz 0ms (cache hit)
47 http cache systeminformation@https://registry.npmjs.org/systeminformation/-/systeminformation-5.33.8.tgz 0ms (cache hit)
48 http cache styled-jsx@https://registry.npmjs.org/styled-jsx/-/styled-jsx-5.1.6.tgz 0ms (cache hit)
49 http cache tailwind-merge@https://registry.npmjs.org/tailwind-merge/-/tailwind-merge-3.6.0.tgz 0ms (cache hit)
50 http cache strip-ansi@https://registry.npmjs.org/strip-ansi/-/strip-ansi-6.0.1.tgz 0ms (cache hit)
51 http cache strip-final-newline@https://registry.npmjs.org/strip-final-newline/-/strip-final-newline-4.0.0.tgz 0ms (cache hit)
52 http cache strip-bom@https://registry.npmjs.org/strip-bom/-/strip-bom-3.0.0.tgz 0ms (cache hit)
53 http cache tiny-invariant@https://registry.npmjs.org/tiny-invariant/-/tiny-invariant-1.3.3.tgz 0ms (cache hit)
54 http cache string-width@https://registry.npmjs.org/string-width/-/string-width-7.2.0.tgz 0ms (cache hit)
55 http cache stdin-discarder@https://registry.npmjs.org/stdin-discarder/-/stdin-discarder-0.2.2.tgz 0ms (cache hit)
56 http cache stringify-object@https://registry.npmjs.org/stringify-object/-/stringify-object-5.0.0.tgz 0ms (cache hit)
57 http cache source-map@https://registry.npmjs.org/source-map/-/source-map-0.6.1.tgz 0ms (cache hit)
58 http cache socks@https://registry.npmjs.org/socks/-/socks-2.8.10.tgz 0ms (cache hit)
59 http cache source-map-js@https://registry.npmjs.org/source-map-js/-/source-map-js-1.2.1.tgz 0ms (cache hit)
60 http cache statuses@https://registry.npmjs.org/statuses/-/statuses-2.0.2.tgz 0ms (cache hit)
61 http cache side-channel-weakmap@https://registry.npmjs.org/side-channel-weakmap/-/side-channel-weakmap-1.0.2.tgz 0ms (cache hit)
62 http cache smart-buffer@https://registry.npmjs.org/smart-buffer/-/smart-buffer-4.2.0.tgz 0ms (cache hit)
63 http cache signal-exit@https://registry.npmjs.org/signal-exit/-/signal-exit-4.1.0.tgz 0ms (cache hit)
64 http cache side-channel-list@https://registry.npmjs.org/side-channel-list/-/side-channel-list-1.0.1.tgz 0ms (cache hit)
65 http cache side-channel-map@https://registry.npmjs.org/side-channel-map/-/side-channel-map-1.0.1.tgz 0ms (cache hit)
66 http cache shebang-command@https://registry.npmjs.org/shebang-command/-/shebang-command-2.0.0.tgz 0ms (cache hit)
67 http cache sisteransi@https://registry.npmjs.org/sisteransi/-/sisteransi-1.0.5.tgz 0ms (cache hit)
68 http cache side-channel@https://registry.npmjs.org/side-channel/-/side-channel-1.1.1.tgz 0ms (cache hit)
69 http cache shadcn@https://registry.npmjs.org/shadcn/-/shadcn-4.18.0.tgz 0ms (cache hit)
70 http cache setprototypeof@https://registry.npmjs.org/setprototypeof/-/setprototypeof-1.2.0.tgz 0ms (cache hit)
71 http cache send@https://registry.npmjs.org/send/-/send-1.2.1.tgz 0ms (cache hit)
72 http cache shebang-regex@https://registry.npmjs.org/shebang-regex/-/shebang-regex-3.0.0.tgz 0ms (cache hit)
73 http cache semver@https://registry.npmjs.org/semver/-/semver-6.3.1.tgz 0ms (cache hit)
74 http cache scheduler@https://registry.npmjs.org/scheduler/-/scheduler-0.27.0.tgz 0ms (cache hit)
75 http cache safer-buffer@https://registry.npmjs.org/safer-buffer/-/safer-buffer-2.1.2.tgz 0ms (cache hit)
76 http cache run-applescript@https://registry.npmjs.org/run-applescript/-/run-applescript-7.1.0.tgz 0ms (cache hit)
77 http cache run-parallel@https://registry.npmjs.org/run-parallel/-/run-parallel-1.2.0.tgz 0ms (cache hit)
78 http cache reusify@https://registry.npmjs.org/reusify/-/reusify-1.1.0.tgz 0ms (cache hit)
79 http cache serve-static@https://registry.npmjs.org/serve-static/-/serve-static-2.2.1.tgz 0ms (cache hit)
80 http cache resolve-from@https://registry.npmjs.org/resolve-from/-/resolve-from-4.0.0.tgz 0ms (cache hit)
81 http cache restore-cursor@https://registry.npmjs.org/restore-cursor/-/restore-cursor-5.1.0.tgz 0ms (cache hit)
82 http cache reselect@https://registry.npmjs.org/reselect/-/reselect-5.3.0.tgz 0ms (cache hit)
83 http cache router@https://registry.npmjs.org/router/-/router-2.2.0.tgz 0ms (cache hit)
84 http cache redux-thunk@https://registry.npmjs.org/redux-thunk/-/redux-thunk-3.1.0.tgz 0ms (cache hit)
85 http cache recharts@https://registry.npmjs.org/recharts/-/recharts-3.8.0.tgz 0ms (cache hit)
86 http cache react-style-singleton@https://registry.npmjs.org/react-style-singleton/-/react-style-singleton-2.2.3.tgz 0ms (cache hit)
87 http cache recast@https://registry.npmjs.org/recast/-/recast-0.23.21.tgz 0ms (cache hit)
88 http cache redux@https://registry.npmjs.org/redux/-/redux-5.0.1.tgz 0ms (cache hit)
89 http cache react-resizable-panels@https://registry.npmjs.org/react-resizable-panels/-/react-resizable-panels-4.5.8.tgz 0ms (cache hit)
90 http cache require-from-string@https://registry.npmjs.org/require-from-string/-/require-from-string-2.0.2.tgz 0ms (cache hit)
91 http cache react-remove-scroll-bar@https://registry.npmjs.org/react-remove-scroll-bar/-/react-remove-scroll-bar-2.3.8.tgz 0ms (cache hit)
92 http cache react-remove-scroll@https://registry.npmjs.org/react-remove-scroll/-/react-remove-scroll-2.7.2.tgz 0ms (cache hit)
93 http cache react-is@https://registry.npmjs.org/react-is/-/react-is-19.2.8.tgz 0ms (cache hit)
94 http cache react@https://registry.npmjs.org/react/-/react-19.2.6.tgz 0ms (cache hit)
95 http cache react-day-picker@https://registry.npmjs.org/react-day-picker/-/react-day-picker-9.8.1.tgz 0ms (cache hit)
96 http cache queue-microtask@https://registry.npmjs.org/queue-microtask/-/queue-microtask-1.2.3.tgz 0ms (cache hit)
97 http cache react-dom@https://registry.npmjs.org/react-dom/-/react-dom-19.2.6.tgz 0ms (cache hit)
98 http cache range-parser@https://registry.npmjs.org/range-parser/-/range-parser-1.3.0.tgz 0ms (cache hit)
99 http cache qs@https://registry.npmjs.org/qs/-/qs-6.16.0.tgz 0ms (cache hit)
100 http cache raw-body@https://registry.npmjs.org/raw-body/-/raw-body-3.0.2.tgz 0ms (cache hit)
101 http cache proxy-addr@https://registry.npmjs.org/proxy-addr/-/proxy-addr-2.0.7.tgz 0ms (cache hit)
102 http cache pretty-ms@https://registry.npmjs.org/pretty-ms/-/pretty-ms-9.3.1.tgz 0ms (cache hit)
103 http cache prompts@https://registry.npmjs.org/prompts/-/prompts-2.4.2.tgz 0ms (cache hit)
104 http cache postcss-selector-parser@https://registry.npmjs.org/postcss-selector-parser/-/postcss-selector-parser-7.1.6.tgz 0ms (cache hit)
105 http cache postcss@https://registry.npmjs.org/postcss/-/postcss-8.5.28.tgz 0ms (cache hit)
106 http cache powershell-utils@https://registry.npmjs.org/powershell-utils/-/powershell-utils-0.2.1.tgz 0ms (cache hit)
107 http cache pkg-up@https://registry.npmjs.org/pkg-up/-/pkg-up-3.1.0.tgz 0ms (cache hit)
108 http cache picocolors@https://registry.npmjs.org/picocolors/-/picocolors-1.1.1.tgz 0ms (cache hit)
109 http cache react-redux@https://registry.npmjs.org/react-redux/-/react-redux-9.3.0.tgz 0ms (cache hit)
110 http cache picomatch@https://registry.npmjs.org/picomatch/-/picomatch-4.0.7.tgz 0ms (cache hit)
111 http cache pkce-challenge@https://registry.npmjs.org/pkce-challenge/-/pkce-challenge-5.0.1.tgz 0ms (cache hit)
112 http cache path-to-regexp@https://registry.npmjs.org/path-to-regexp/-/path-to-regexp-8.4.2.tgz 0ms (cache hit)
113 http cache path-browserify@https://registry.npmjs.org/path-browserify/-/path-browserify-1.0.1.tgz 0ms (cache hit)
114 http cache path-exists@https://registry.npmjs.org/path-exists/-/path-exists-3.0.0.tgz 0ms (cache hit)
115 http cache path-key@https://registry.npmjs.org/path-key/-/path-key-3.1.1.tgz 0ms (cache hit)
116 http cache parseurl@https://registry.npmjs.org/parseurl/-/parseurl-1.3.3.tgz 0ms (cache hit)
117 http cache parse-ms@https://registry.npmjs.org/parse-ms/-/parse-ms-4.0.0.tgz 0ms (cache hit)
118 http cache parse-json@https://registry.npmjs.org/parse-json/-/parse-json-5.2.0.tgz 0ms (cache hit)
119 http cache parent-module@https://registry.npmjs.org/parent-module/-/parent-module-1.0.1.tgz 0ms (cache hit)
120 http cache p-limit@https://registry.npmjs.org/p-limit/-/p-limit-2.3.0.tgz 0ms (cache hit)
121 http cache oxlint-tsgolint@https://registry.npmjs.org/oxlint-tsgolint/-/oxlint-tsgolint-7.0.2001.tgz 0ms (cache hit)
122 http cache p-locate@https://registry.npmjs.org/p-locate/-/p-locate-3.0.0.tgz 0ms (cache hit)
123 http cache p-try@https://registry.npmjs.org/p-try/-/p-try-2.2.0.tgz 0ms (cache hit)
124 http cache oxlint@https://registry.npmjs.org/oxlint/-/oxlint-1.76.0.tgz 0ms (cache hit)
125 http cache oxfmt@https://registry.npmjs.org/oxfmt/-/oxfmt-0.61.0.tgz 0ms (cache hit)
126 http cache ora@https://registry.npmjs.org/ora/-/ora-8.2.0.tgz 0ms (cache hit)
127 http cache onetime@https://registry.npmjs.org/onetime/-/onetime-5.1.2.tgz 0ms (cache hit)
128 http cache once@https://registry.npmjs.org/once/-/once-1.4.0.tgz 0ms (cache hit)
129 http cache on-finished@https://registry.npmjs.org/on-finished/-/on-finished-2.4.1.tgz 0ms (cache hit)
130 http cache open@https://registry.npmjs.org/open/-/open-11.0.2.tgz 0ms (cache hit)
131 http cache object-assign@https://registry.npmjs.org/object-assign/-/object-assign-4.1.1.tgz 0ms (cache hit)
132 http cache object-inspect@https://registry.npmjs.org/object-inspect/-/object-inspect-1.13.4.tgz 0ms (cache hit)
133 http cache node-releases@https://registry.npmjs.org/node-releases/-/node-releases-2.0.54.tgz 0ms (cache hit)
134 http cache next@https://registry.npmjs.org/next/-/next-16.3.4.tgz 0ms (cache hit)
135 http cache npm-run-path@https://registry.npmjs.org/npm-run-path/-/npm-run-path-6.0.0.tgz 0ms (cache hit)
136 http cache nanoid@https://registry.npmjs.org/nanoid/-/nanoid-3.3.18.tgz 0ms (cache hit)
137 http cache negotiator@https://registry.npmjs.org/negotiator/-/negotiator-1.1.0.tgz 0ms (cache hit)
138 http cache object-treeify@https://registry.npmjs.org/object-treeify/-/object-treeify-1.1.33.tgz 0ms (cache hit)
139 http cache ms@https://registry.npmjs.org/ms/-/ms-2.1.3.tgz 0ms (cache hit)
140 http cache minimatch@https://registry.npmjs.org/minimatch/-/minimatch-10.2.6.tgz 0ms (cache hit)
141 http cache minimist@https://registry.npmjs.org/minimist/-/minimist-1.2.8.tgz 0ms (cache hit)
142 http cache mime-db@https://registry.npmjs.org/mime-db/-/mime-db-1.54.0.tgz 0ms (cache hit)
143 http cache mime-types@https://registry.npmjs.org/mime-types/-/mime-types-3.0.2.tgz 0ms (cache hit)
144 http cache mimic-function@https://registry.npmjs.org/mimic-function/-/mimic-function-5.0.1.tgz 0ms (cache hit)
145 http cache mimic-fn@https://registry.npmjs.org/mimic-fn/-/mimic-fn-3.1.0.tgz 0ms (cache hit)
146 http cache micromatch@https://registry.npmjs.org/micromatch/-/micromatch-4.0.8.tgz 0ms (cache hit)
147 http cache merge2@https://registry.npmjs.org/merge2/-/merge2-1.4.1.tgz 0ms (cache hit)
148 http cache merge-stream@https://registry.npmjs.org/merge-stream/-/merge-stream-2.0.0.tgz 0ms (cache hit)
149 http cache media-typer@https://registry.npmjs.org/media-typer/-/media-typer-1.1.1.tgz 0ms (cache hit)
150 http cache math-intrinsics@https://registry.npmjs.org/math-intrinsics/-/math-intrinsics-1.1.0.tgz 0ms (cache hit)
151 http cache merge-descriptors@https://registry.npmjs.org/merge-descriptors/-/merge-descriptors-2.0.0.tgz 0ms (cache hit)
152 http cache lucide-react@https://registry.npmjs.org/lucide-react/-/lucide-react-1.31.0.tgz 0ms (cache hit)
153 http cache magic-string@https://registry.npmjs.org/magic-string/-/magic-string-0.30.21.tgz 0ms (cache hit)
154 http cache log-symbols@https://registry.npmjs.org/log-symbols/-/log-symbols-6.0.0.tgz 0ms (cache hit)
155 http cache locate-path@https://registry.npmjs.org/locate-path/-/locate-path-3.0.0.tgz 0ms (cache hit)
156 http cache lightningcss-darwin-arm64@https://registry.npmjs.org/lightningcss-darwin-arm64/-/lightningcss-darwin-arm64-1.31.1.tgz 0ms (cache hit)
157 http cache lru-cache@https://registry.npmjs.org/lru-cache/-/lru-cache-5.1.1.tgz 0ms (cache hit)
158 http cache lines-and-columns@https://registry.npmjs.org/lines-and-columns/-/lines-and-columns-1.2.4.tgz 0ms (cache hit)
159 http cache kleur@https://registry.npmjs.org/kleur/-/kleur-4.1.5.tgz 0ms (cache hit)
160 http cache json5@https://registry.npmjs.org/json5/-/json5-2.2.3.tgz 0ms (cache hit)
161 http cache json-schema-typed@https://registry.npmjs.org/json-schema-typed/-/json-schema-typed-8.0.2.tgz 0ms (cache hit)
162 http cache jsesc@https://registry.npmjs.org/jsesc/-/jsesc-3.1.0.tgz 0ms (cache hit)
163 http cache json-schema-traverse@https://registry.npmjs.org/json-schema-traverse/-/json-schema-traverse-1.0.0.tgz 0ms (cache hit)
164 http cache json-parse-even-better-errors@https://registry.npmjs.org/json-parse-even-better-errors/-/json-parse-even-better-errors-2.3.1.tgz 0ms (cache hit)
165 http cache jsonfile@https://registry.npmjs.org/jsonfile/-/jsonfile-6.2.1.tgz 0ms (cache hit)
166 http cache jose@https://registry.npmjs.org/jose/-/jose-6.2.11.tgz 0ms (cache hit)
167 http cache js-tokens@https://registry.npmjs.org/js-tokens/-/js-tokens-4.0.0.tgz 0ms (cache hit)
168 http cache jiti@https://registry.npmjs.org/jiti/-/jiti-2.7.0.tgz 0ms (cache hit)
169 http cache isexe@https://registry.npmjs.org/isexe/-/isexe-3.1.5.tgz 0ms (cache hit)
170 http cache js-yaml@https://registry.npmjs.org/js-yaml/-/js-yaml-4.3.2.tgz 0ms (cache hit)
171 http cache is-wsl@https://registry.npmjs.org/is-wsl/-/is-wsl-3.1.1.tgz 0ms (cache hit)
172 http cache is-stream@https://registry.npmjs.org/is-stream/-/is-stream-4.0.1.tgz 0ms (cache hit)
173 http cache is-unicode-supported@https://registry.npmjs.org/is-unicode-supported/-/is-unicode-supported-2.1.0.tgz 0ms (cache hit)
174 http cache is-regexp@https://registry.npmjs.org/is-regexp/-/is-regexp-3.1.0.tgz 0ms (cache hit)
175 http cache is-promise@https://registry.npmjs.org/is-promise/-/is-promise-4.0.0.tgz 0ms (cache hit)
176 http cache is-number@https://registry.npmjs.org/is-number/-/is-number-7.0.0.tgz 0ms (cache hit)
177 http cache is-obj@https://registry.npmjs.org/is-obj/-/is-obj-2.0.0.tgz 0ms (cache hit)
178 http cache is-interactive@https://registry.npmjs.org/is-interactive/-/is-interactive-2.0.0.tgz 0ms (cache hit)
179 http cache is-glob@https://registry.npmjs.org/is-glob/-/is-glob-4.0.3.tgz 0ms (cache hit)
180 http cache is-plain-obj@https://registry.npmjs.org/is-plain-obj/-/is-plain-obj-4.1.0.tgz 0ms (cache hit)
181 http cache is-inside-container@https://registry.npmjs.org/is-inside-container/-/is-inside-container-1.0.0.tgz 0ms (cache hit)
182 http cache is-in-ssh@https://registry.npmjs.org/is-in-ssh/-/is-in-ssh-1.0.0.tgz 0ms (cache hit)
183 http cache is-extglob@https://registry.npmjs.org/is-extglob/-/is-extglob-2.1.1.tgz 0ms (cache hit)
184 http cache is-arrayish@https://registry.npmjs.org/is-arrayish/-/is-arrayish-0.2.1.tgz 0ms (cache hit)
185 http cache is-docker@https://registry.npmjs.org/is-docker/-/is-docker-3.0.0.tgz 0ms (cache hit)
186 http cache ip-address@https://registry.npmjs.org/ip-address/-/ip-address-10.7.0.tgz 0ms (cache hit)
187 http cache internmap@https://registry.npmjs.org/internmap/-/internmap-2.0.3.tgz 0ms (cache hit)
188 http cache lightningcss@https://registry.npmjs.org/lightningcss/-/lightningcss-1.31.1.tgz 0ms (cache hit)
189 http cache input-otp@https://registry.npmjs.org/input-otp/-/input-otp-1.4.2.tgz 0ms (cache hit)
190 http cache inherits@https://registry.npmjs.org/inherits/-/inherits-2.0.4.tgz 0ms (cache hit)
191 http cache import-fresh@https://registry.npmjs.org/import-fresh/-/import-fresh-3.3.1.tgz 0ms (cache hit)
192 http cache immer@https://registry.npmjs.org/immer/-/immer-10.2.0.tgz 0ms (cache hit)
193 http cache ignore@https://registry.npmjs.org/ignore/-/ignore-5.3.2.tgz 0ms (cache hit)
194 http cache iconv-lite@https://registry.npmjs.org/iconv-lite/-/iconv-lite-0.7.3.tgz 0ms (cache hit)
195 http cache human-signals@https://registry.npmjs.org/human-signals/-/human-signals-8.0.1.tgz 0ms (cache hit)
196 http cache http-errors@https://registry.npmjs.org/http-errors/-/http-errors-2.0.1.tgz 0ms (cache hit)
197 http cache hono@https://registry.npmjs.org/hono/-/hono-4.13.7.tgz 0ms (cache hit)
198 http cache hasown@https://registry.npmjs.org/hasown/-/hasown-2.0.4.tgz 0ms (cache hit)
199 http cache has-symbols@https://registry.npmjs.org/has-symbols/-/has-symbols-1.1.0.tgz 0ms (cache hit)
200 http cache graceful-fs@https://registry.npmjs.org/graceful-fs/-/graceful-fs-4.2.11.tgz 0ms (cache hit)
201 http cache gopd@https://registry.npmjs.org/gopd/-/gopd-1.2.0.tgz 0ms (cache hit)
202 http cache glob-parent@https://registry.npmjs.org/glob-parent/-/glob-parent-5.1.2.tgz 0ms (cache hit)
203 http cache get-stream@https://registry.npmjs.org/get-stream/-/get-stream-9.0.1.tgz 0ms (cache hit)
204 http cache get-proto@https://registry.npmjs.org/get-proto/-/get-proto-1.0.1.tgz 0ms (cache hit)
205 http cache get-own-enumerable-keys@https://registry.npmjs.org/get-own-enumerable-keys/-/get-own-enumerable-keys-1.0.0.tgz 0ms (cache hit)
206 http cache get-nonce@https://registry.npmjs.org/get-nonce/-/get-nonce-1.0.1.tgz 0ms (cache hit)
207 http cache get-intrinsic@https://registry.npmjs.org/get-intrinsic/-/get-intrinsic-1.3.0.tgz 0ms (cache hit)
208 http cache get-east-asian-width@https://registry.npmjs.org/get-east-asian-width/-/get-east-asian-width-1.6.0.tgz 0ms (cache hit)
209 http cache gensync@https://registry.npmjs.org/gensync/-/gensync-1.0.0-beta.2.tgz 0ms (cache hit)
210 http cache function-bind@https://registry.npmjs.org/function-bind/-/function-bind-1.1.2.tgz 0ms (cache hit)
211 http cache fuzzysort@https://registry.npmjs.org/fuzzysort/-/fuzzysort-3.1.0.tgz 0ms (cache hit)
212 http cache fs-extra@https://registry.npmjs.org/fs-extra/-/fs-extra-11.4.0.tgz 0ms (cache hit)
213 http cache fresh@https://registry.npmjs.org/fresh/-/fresh-2.0.0.tgz 0ms (cache hit)
214 http cache forwarded@https://registry.npmjs.org/forwarded/-/forwarded-0.2.0.tgz 0ms (cache hit)
215 http cache find-up@https://registry.npmjs.org/find-up/-/find-up-3.0.0.tgz 0ms (cache hit)
216 http cache finalhandler@https://registry.npmjs.org/finalhandler/-/finalhandler-2.1.1.tgz 0ms (cache hit)
217 http cache fill-range@https://registry.npmjs.org/fill-range/-/fill-range-7.1.1.tgz 0ms (cache hit)
218 http cache figures@https://registry.npmjs.org/figures/-/figures-6.1.0.tgz 0ms (cache hit)
219 http cache fdir@https://registry.npmjs.org/fdir/-/fdir-6.5.0.tgz 0ms (cache hit)
220 http cache fastq@https://registry.npmjs.org/fastq/-/fastq-1.20.3.tgz 0ms (cache hit)
221 http cache fast-uri@https://registry.npmjs.org/fast-uri/-/fast-uri-3.1.7.tgz 0ms (cache hit)
222 http cache fast-glob@https://registry.npmjs.org/fast-glob/-/fast-glob-3.3.3.tgz 0ms (cache hit)
223 http cache fast-deep-equal@https://registry.npmjs.org/fast-deep-equal/-/fast-deep-equal-3.1.3.tgz 0ms (cache hit)
224 http cache express-rate-limit@https://registry.npmjs.org/express-rate-limit/-/express-rate-limit-8.7.0.tgz 0ms (cache hit)
225 http cache express@https://registry.npmjs.org/express/-/express-5.2.1.tgz 0ms (cache hit)
226 http cache execa@https://registry.npmjs.org/execa/-/execa-9.6.1.tgz 0ms (cache hit)
227 http cache eventsource-parser@https://registry.npmjs.org/eventsource-parser/-/eventsource-parser-3.1.1.tgz 0ms (cache hit)
228 http cache eventsource@https://registry.npmjs.org/eventsource/-/eventsource-3.0.7.tgz 0ms (cache hit)
229 http cache eventemitter3@https://registry.npmjs.org/eventemitter3/-/eventemitter3-5.0.4.tgz 0ms (cache hit)
230 http cache esprima@https://registry.npmjs.org/esprima/-/esprima-4.0.1.tgz 0ms (cache hit)
231 http cache etag@https://registry.npmjs.org/etag/-/etag-1.8.1.tgz 0ms (cache hit)
232 http cache escape-html@https://registry.npmjs.org/escape-html/-/escape-html-1.0.3.tgz 0ms (cache hit)
233 http cache es-toolkit@https://registry.npmjs.org/es-toolkit/-/es-toolkit-1.52.0.tgz 0ms (cache hit)
234 http cache escalade@https://registry.npmjs.org/escalade/-/escalade-3.2.0.tgz 0ms (cache hit)
235 http cache es-object-atoms@https://registry.npmjs.org/es-object-atoms/-/es-object-atoms-1.1.2.tgz 0ms (cache hit)
236 http cache es-errors@https://registry.npmjs.org/es-errors/-/es-errors-1.3.0.tgz 0ms (cache hit)
237 http cache error-ex@https://registry.npmjs.org/error-ex/-/error-ex-1.3.4.tgz 0ms (cache hit)
238 http cache env-paths@https://registry.npmjs.org/env-paths/-/env-paths-2.2.1.tgz 0ms (cache hit)
239 http cache enquirer@https://registry.npmjs.org/enquirer/-/enquirer-2.4.1.tgz 0ms (cache hit)
240 http cache es-define-property@https://registry.npmjs.org/es-define-property/-/es-define-property-1.0.1.tgz 0ms (cache hit)
241 http cache encodeurl@https://registry.npmjs.org/encodeurl/-/encodeurl-2.0.0.tgz 0ms (cache hit)
242 http cache embla-carousel-reactive-utils@https://registry.npmjs.org/embla-carousel-reactive-utils/-/embla-carousel-reactive-utils-8.5.2.tgz 0ms (cache hit)
243 http cache enhanced-resolve@https://registry.npmjs.org/enhanced-resolve/-/enhanced-resolve-5.24.5.tgz 0ms (cache hit)
244 http cache embla-carousel-react@https://registry.npmjs.org/embla-carousel-react/-/embla-carousel-react-8.5.2.tgz 0ms (cache hit)
245 http cache emoji-regex@https://registry.npmjs.org/emoji-regex/-/emoji-regex-10.6.0.tgz 0ms (cache hit)
246 http cache embla-carousel@https://registry.npmjs.org/embla-carousel/-/embla-carousel-8.5.2.tgz 0ms (cache hit)
247 http cache ee-first@https://registry.npmjs.org/ee-first/-/ee-first-1.1.1.tgz 0ms (cache hit)
248 http cache electron-to-chromium@https://registry.npmjs.org/electron-to-chromium/-/electron-to-chromium-1.5.422.tgz 0ms (cache hit)
249 http cache dotenv@https://registry.npmjs.org/dotenv/-/dotenv-17.4.2.tgz 0ms (cache hit)
250 http cache dot-prop@https://registry.npmjs.org/dot-prop/-/dot-prop-6.0.1.tgz 0ms (cache hit)
251 http cache dunder-proto@https://registry.npmjs.org/dunder-proto/-/dunder-proto-1.0.1.tgz 0ms (cache hit)
252 http cache detect-node-es@https://registry.npmjs.org/detect-node-es/-/detect-node-es-1.1.0.tgz 0ms (cache hit)
253 http cache detect-libc@https://registry.npmjs.org/detect-libc/-/detect-libc-2.1.2.tgz 0ms (cache hit)
254 http cache diff@https://registry.npmjs.org/diff/-/diff-8.0.4.tgz 0ms (cache hit)
255 http cache define-lazy-prop@https://registry.npmjs.org/define-lazy-prop/-/define-lazy-prop-3.0.0.tgz 0ms (cache hit)
256 http cache default-browser-id@https://registry.npmjs.org/default-browser-id/-/default-browser-id-5.0.1.tgz 0ms (cache hit)
257 http cache depd@https://registry.npmjs.org/depd/-/depd-2.0.0.tgz 0ms (cache hit)
258 http cache default-browser@https://registry.npmjs.org/default-browser/-/default-browser-5.5.1.tgz 0ms (cache hit)
259 http cache deepmerge@https://registry.npmjs.org/deepmerge/-/deepmerge-4.3.1.tgz 0ms (cache hit)
260 http cache dedent@https://registry.npmjs.org/dedent/-/dedent-1.7.2.tgz 0ms (cache hit)
261 http cache decimal.js-light@https://registry.npmjs.org/decimal.js-light/-/decimal.js-light-2.5.1.tgz 0ms (cache hit)
262 http cache debug@https://registry.npmjs.org/debug/-/debug-4.4.3.tgz 0ms (cache hit)
263 http cache date-fns-jalali@https://registry.npmjs.org/date-fns-jalali/-/date-fns-jalali-4.1.0-0.tgz 0ms (cache hit)
264 http cache debounce-fn@https://registry.npmjs.org/debounce-fn/-/debounce-fn-4.0.0.tgz 0ms (cache hit)
265 http cache d3-timer@https://registry.npmjs.org/d3-timer/-/d3-timer-3.0.1.tgz 0ms (cache hit)
266 http cache d3-time@https://registry.npmjs.org/d3-time/-/d3-time-3.1.0.tgz 0ms (cache hit)
267 http cache date-fns@https://registry.npmjs.org/date-fns/-/date-fns-4.1.0.tgz 0ms (cache hit)
268 http cache d3-time-format@https://registry.npmjs.org/d3-time-format/-/d3-time-format-4.1.0.tgz 0ms (cache hit)
269 http cache d3-shape@https://registry.npmjs.org/d3-shape/-/d3-shape-3.2.0.tgz 0ms (cache hit)
270 http cache d3-interpolate@https://registry.npmjs.org/d3-interpolate/-/d3-interpolate-3.0.1.tgz 0ms (cache hit)
271 http cache d3-scale@https://registry.npmjs.org/d3-scale/-/d3-scale-4.0.2.tgz 0ms (cache hit)
272 http cache d3-path@https://registry.npmjs.org/d3-path/-/d3-path-3.1.0.tgz 0ms (cache hit)
273 http cache d3-ease@https://registry.npmjs.org/d3-ease/-/d3-ease-3.0.1.tgz 0ms (cache hit)
274 http cache d3-array@https://registry.npmjs.org/d3-array/-/d3-array-3.2.4.tgz 0ms (cache hit)
275 http cache d3-format@https://registry.npmjs.org/d3-format/-/d3-format-3.1.2.tgz 0ms (cache hit)
276 http cache csstype@https://registry.npmjs.org/csstype/-/csstype-3.2.3.tgz 0ms (cache hit)
277 http cache d3-color@https://registry.npmjs.org/d3-color/-/d3-color-3.1.0.tgz 0ms (cache hit)
278 http cache cssesc@https://registry.npmjs.org/cssesc/-/cssesc-3.0.0.tgz 0ms (cache hit)
279 http cache cosmiconfig@https://registry.npmjs.org/cosmiconfig/-/cosmiconfig-9.0.2.tgz 0ms (cache hit)
280 http cache cookie-signature@https://registry.npmjs.org/cookie-signature/-/cookie-signature-1.2.2.tgz 0ms (cache hit)
281 http cache cookie@https://registry.npmjs.org/cookie/-/cookie-0.7.2.tgz 0ms (cache hit)
282 http cache cross-spawn@https://registry.npmjs.org/cross-spawn/-/cross-spawn-7.0.6.tgz 0ms (cache hit)
283 http cache convert-source-map@https://registry.npmjs.org/convert-source-map/-/convert-source-map-2.0.0.tgz 0ms (cache hit)
284 http cache content-type@https://registry.npmjs.org/content-type/-/content-type-1.0.5.tgz 0ms (cache hit)
285 http cache conf@https://registry.npmjs.org/conf/-/conf-10.2.0.tgz 0ms (cache hit)
286 http cache content-disposition@https://registry.npmjs.org/content-disposition/-/content-disposition-1.1.0.tgz 0ms (cache hit)
287 http cache code-block-writer@https://registry.npmjs.org/code-block-writer/-/code-block-writer-13.0.3.tgz 0ms (cache hit)
288 http cache ipaddr.js@https://registry.npmjs.org/ipaddr.js/-/ipaddr.js-1.9.1.tgz 0ms (cache hit)
289 http cache clsx@https://registry.npmjs.org/clsx/-/clsx-2.1.1.tgz 0ms (cache hit)
290 http cache commander@https://registry.npmjs.org/commander/-/commander-14.0.3.tgz 0ms (cache hit)
291 http cache cmdk@https://registry.npmjs.org/cmdk/-/cmdk-1.1.1.tgz 0ms (cache hit)
292 http cache cli-spinners@https://registry.npmjs.org/cli-spinners/-/cli-spinners-2.9.2.tgz 0ms (cache hit)
293 http cache client-only@https://registry.npmjs.org/client-only/-/client-only-0.0.1.tgz 0ms (cache hit)
294 http cache chalk@https://registry.npmjs.org/chalk/-/chalk-5.6.2.tgz 0ms (cache hit)
295 http cache cli-cursor@https://registry.npmjs.org/cli-cursor/-/cli-cursor-5.0.0.tgz 0ms (cache hit)
296 http cache class-variance-authority@https://registry.npmjs.org/class-variance-authority/-/class-variance-authority-0.7.1.tgz 0ms (cache hit)
297 http cache caniuse-lite@https://registry.npmjs.org/caniuse-lite/-/caniuse-lite-1.0.30001810.tgz 0ms (cache hit)
298 http cache callsites@https://registry.npmjs.org/callsites/-/callsites-3.1.0.tgz 0ms (cache hit)
299 http cache cors@https://registry.npmjs.org/cors/-/cors-2.8.6.tgz 0ms (cache hit)
300 http cache call-bound@https://registry.npmjs.org/call-bound/-/call-bound-1.0.4.tgz 0ms (cache hit)
301 http cache call-bind-apply-helpers@https://registry.npmjs.org/call-bind-apply-helpers/-/call-bind-apply-helpers-1.0.2.tgz 0ms (cache hit)
302 http cache bundle-name@https://registry.npmjs.org/bundle-name/-/bundle-name-4.1.0.tgz 0ms (cache hit)
303 http cache bytes@https://registry.npmjs.org/bytes/-/bytes-3.1.2.tgz 0ms (cache hit)
304 http cache browserslist@https://registry.npmjs.org/browserslist/-/browserslist-4.28.9.tgz 0ms (cache hit)
305 http cache brace-expansion@https://registry.npmjs.org/brace-expansion/-/brace-expansion-5.0.9.tgz 0ms (cache hit)
306 http cache braces@https://registry.npmjs.org/braces/-/braces-3.0.3.tgz 0ms (cache hit)
307 http cache balanced-match@https://registry.npmjs.org/balanced-match/-/balanced-match-4.0.4.tgz 0ms (cache hit)
308 http cache baseline-browser-mapping@https://registry.npmjs.org/baseline-browser-mapping/-/baseline-browser-mapping-2.11.21.tgz 0ms (cache hit)
309 http cache ast-types@https://registry.npmjs.org/ast-types/-/ast-types-0.16.3.tgz 0ms (cache hit)
310 http cache aria-hidden@https://registry.npmjs.org/aria-hidden/-/aria-hidden-1.2.6.tgz 0ms (cache hit)
311 http cache ansi-regex@https://registry.npmjs.org/ansi-regex/-/ansi-regex-5.0.1.tgz 0ms (cache hit)
312 http cache ansi-colors@https://registry.npmjs.org/ansi-colors/-/ansi-colors-4.1.3.tgz 0ms (cache hit)
313 http cache atomically@https://registry.npmjs.org/atomically/-/atomically-1.7.0.tgz 0ms (cache hit)
314 http cache ajv-formats@https://registry.npmjs.org/ajv-formats/-/ajv-formats-3.0.1.tgz 0ms (cache hit)
315 http cache accepts@https://registry.npmjs.org/accepts/-/accepts-2.0.0.tgz 0ms (cache hit)
316 http cache argparse@https://registry.npmjs.org/argparse/-/argparse-2.0.1.tgz 0ms (cache hit)
317 http cache body-parser@https://registry.npmjs.org/body-parser/-/body-parser-2.3.0.tgz 0ms (cache hit)
318 http cache ajv@https://registry.npmjs.org/ajv/-/ajv-8.20.0.tgz 0ms (cache hit)
319 http cache @vercel/speed-insights@https://registry.npmjs.org/@vercel/speed-insights/-/speed-insights-2.0.0.tgz 0ms (cache hit)
320 http cache @types/validate-npm-package-name@https://registry.npmjs.org/@types/validate-npm-package-name/-/validate-npm-package-name-4.0.2.tgz 0ms (cache hit)
321 http cache @types/react@https://registry.npmjs.org/@types/react/-/react-19.2.14.tgz 0ms (cache hit)
322 http cache @types/react-dom@https://registry.npmjs.org/@types/react-dom/-/react-dom-19.2.3.tgz 0ms (cache hit)
323 http cache @vercel/analytics@https://registry.npmjs.org/@vercel/analytics/-/analytics-2.0.1.tgz 0ms (cache hit)
324 http cache @types/node@https://registry.npmjs.org/@types/node/-/node-22.19.19.tgz 0ms (cache hit)
325 http cache @types/d3-timer@https://registry.npmjs.org/@types/d3-timer/-/d3-timer-3.0.2.tgz 0ms (cache hit)
326 http cache @types/d3-shape@https://registry.npmjs.org/@types/d3-shape/-/d3-shape-3.2.0.tgz 0ms (cache hit)
327 http cache @types/d3-scale@https://registry.npmjs.org/@types/d3-scale/-/d3-scale-4.0.9.tgz 0ms (cache hit)
328 http cache @types/use-sync-external-store@https://registry.npmjs.org/@types/use-sync-external-store/-/use-sync-external-store-0.0.6.tgz 0ms (cache hit)
329 http cache @types/d3-path@https://registry.npmjs.org/@types/d3-path/-/d3-path-3.1.1.tgz 0ms (cache hit)
330 http cache @types/d3-time@https://registry.npmjs.org/@types/d3-time/-/d3-time-3.0.4.tgz 0ms (cache hit)
331 http cache @types/d3-ease@https://registry.npmjs.org/@types/d3-ease/-/d3-ease-3.0.2.tgz 0ms (cache hit)
332 http cache @types/d3-array@https://registry.npmjs.org/@types/d3-array/-/d3-array-3.2.2.tgz 0ms (cache hit)
333 http cache @tailwindcss/oxide-darwin-arm64@https://registry.npmjs.org/@tailwindcss/oxide-darwin-arm64/-/oxide-darwin-arm64-4.2.1.tgz 0ms (cache hit)
334 http cache @types/d3-interpolate@https://registry.npmjs.org/@types/d3-interpolate/-/d3-interpolate-3.0.4.tgz 0ms (cache hit)
335 http cache @ts-morph/common@https://registry.npmjs.org/@ts-morph/common/-/common-0.27.0.tgz 0ms (cache hit)
336 http cache @tailwindcss/postcss@https://registry.npmjs.org/@tailwindcss/postcss/-/postcss-4.2.1.tgz 0ms (cache hit)
337 http cache @tailwindcss/node@https://registry.npmjs.org/@tailwindcss/node/-/node-4.2.1.tgz 0ms (cache hit)
338 http cache @tailwindcss/oxide@https://registry.npmjs.org/@tailwindcss/oxide/-/oxide-4.2.1.tgz 0ms (cache hit)
339 http cache @types/d3-color@https://registry.npmjs.org/@types/d3-color/-/d3-color-3.1.3.tgz 0ms (cache hit)
340 http cache @swc/helpers@https://registry.npmjs.org/@swc/helpers/-/helpers-0.5.23.tgz 0ms (cache hit)
341 http cache @sec-ant/readable-stream@https://registry.npmjs.org/@sec-ant/readable-stream/-/readable-stream-0.4.1.tgz 0ms (cache hit)
342 http cache @standard-schema/utils@https://registry.npmjs.org/@standard-schema/utils/-/utils-0.3.0.tgz 0ms (cache hit)
343 http cache @standard-schema/spec@https://registry.npmjs.org/@standard-schema/spec/-/spec-1.1.0.tgz 0ms (cache hit)
344 http cache @radix-ui/react-use-layout-effect@https://registry.npmjs.org/@radix-ui/react-use-layout-effect/-/react-use-layout-effect-1.1.4.tgz 0ms (cache hit)
345 http cache @sindresorhus/merge-streams@https://registry.npmjs.org/@sindresorhus/merge-streams/-/merge-streams-4.0.0.tgz 0ms (cache hit)
346 http cache @radix-ui/react-use-effect-event@https://registry.npmjs.org/@radix-ui/react-use-effect-event/-/react-use-effect-event-0.0.5.tgz 0ms (cache hit)
347 http cache @reduxjs/toolkit@https://registry.npmjs.org/@reduxjs/toolkit/-/toolkit-2.12.0.tgz 0ms (cache hit)
348 http cache @radix-ui/react-use-controllable-state@https://registry.npmjs.org/@radix-ui/react-use-controllable-state/-/react-use-controllable-state-1.2.6.tgz 0ms (cache hit)
349 http cache @radix-ui/react-slot@https://registry.npmjs.org/@radix-ui/react-slot/-/react-slot-1.3.3.tgz 0ms (cache hit)
350 http cache @radix-ui/react-use-callback-ref@https://registry.npmjs.org/@radix-ui/react-use-callback-ref/-/react-use-callback-ref-1.1.4.tgz 0ms (cache hit)
351 http cache @radix-ui/react-primitive@https://registry.npmjs.org/@radix-ui/react-primitive/-/react-primitive-2.1.10.tgz 0ms (cache hit)
352 http cache @radix-ui/react-focus-scope@https://registry.npmjs.org/@radix-ui/react-focus-scope/-/react-focus-scope-1.1.16.tgz 0ms (cache hit)
353 http cache @shadcn/react@https://registry.npmjs.org/@shadcn/react/-/react-0.3.0.tgz 0ms (cache hit)
354 http cache @radix-ui/react-portal@https://registry.npmjs.org/@radix-ui/react-portal/-/react-portal-1.1.17.tgz 0ms (cache hit)
355 http cache @radix-ui/react-focus-guards@https://registry.npmjs.org/@radix-ui/react-focus-guards/-/react-focus-guards-1.1.6.tgz 0ms (cache hit)
356 http cache @radix-ui/react-dismissable-layer@https://registry.npmjs.org/@radix-ui/react-dismissable-layer/-/react-dismissable-layer-1.1.19.tgz 0ms (cache hit)
357 http cache @radix-ui/react-dialog@https://registry.npmjs.org/@radix-ui/react-dialog/-/react-dialog-1.1.23.tgz 0ms (cache hit)
358 http cache @radix-ui/primitive@https://registry.npmjs.org/@radix-ui/primitive/-/primitive-1.1.7.tgz 0ms (cache hit)
359 http cache @radix-ui/react-id@https://registry.npmjs.org/@radix-ui/react-id/-/react-id-1.1.4.tgz 0ms (cache hit)
360 http cache @oxlint/binding-darwin-arm64@https://registry.npmjs.org/@oxlint/binding-darwin-arm64/-/binding-darwin-arm64-1.76.0.tgz 0ms (cache hit)
361 http cache @radix-ui/react-compose-refs@https://registry.npmjs.org/@radix-ui/react-compose-refs/-/react-compose-refs-1.1.5.tgz 0ms (cache hit)
362 http cache @radix-ui/react-context@https://registry.npmjs.org/@radix-ui/react-context/-/react-context-1.2.2.tgz 0ms (cache hit)
363 http cache @oxfmt/binding-darwin-arm64@https://registry.npmjs.org/@oxfmt/binding-darwin-arm64/-/binding-darwin-arm64-0.61.0.tgz 0ms (cache hit)
364 http cache @nodelib/fs.walk@https://registry.npmjs.org/@nodelib/fs.walk/-/fs.walk-1.2.8.tgz 0ms (cache hit)
365 http cache @radix-ui/react-presence@https://registry.npmjs.org/@radix-ui/react-presence/-/react-presence-1.1.10.tgz 0ms (cache hit)
366 http cache @oxlint-tsgolint/darwin-arm64@https://registry.npmjs.org/@oxlint-tsgolint/darwin-arm64/-/darwin-arm64-7.0.2001.tgz 0ms (cache hit)
367 http cache @nodelib/fs.stat@https://registry.npmjs.org/@nodelib/fs.stat/-/fs.stat-2.0.5.tgz 0ms (cache hit)
368 http cache @next/swc-darwin-arm64@https://registry.npmjs.org/@next/swc-darwin-arm64/-/swc-darwin-arm64-16.3.4.tgz 0ms (cache hit)
369 http cache @modelcontextprotocol/sdk@https://registry.npmjs.org/@modelcontextprotocol/sdk/-/sdk-1.30.0.tgz 0ms (cache hit)
370 http cache @jridgewell/sourcemap-codec@https://registry.npmjs.org/@jridgewell/sourcemap-codec/-/sourcemap-codec-1.6.0.tgz 0ms (cache hit)
371 http cache @jridgewell/trace-mapping@https://registry.npmjs.org/@jridgewell/trace-mapping/-/trace-mapping-0.3.31.tgz 0ms (cache hit)
372 http cache @jridgewell/resolve-uri@https://registry.npmjs.org/@jridgewell/resolve-uri/-/resolve-uri-3.1.2.tgz 0ms (cache hit)
373 http cache @jridgewell/remapping@https://registry.npmjs.org/@jridgewell/remapping/-/remapping-2.3.5.tgz 0ms (cache hit)
374 http cache @next/env@https://registry.npmjs.org/@next/env/-/env-16.3.4.tgz 0ms (cache hit)
375 http cache @nodelib/fs.scandir@https://registry.npmjs.org/@nodelib/fs.scandir/-/fs.scandir-2.1.5.tgz 0ms (cache hit)
376 http cache @img/colour@https://registry.npmjs.org/@img/colour/-/colour-1.1.0.tgz 0ms (cache hit)
377 http cache @jridgewell/gen-mapping@https://registry.npmjs.org/@jridgewell/gen-mapping/-/gen-mapping-0.3.13.tgz 0ms (cache hit)
378 http cache @hono/node-server@https://registry.npmjs.org/@hono/node-server/-/node-server-2.1.1.tgz 0ms (cache hit)
379 http cache @floating-ui/utils@https://registry.npmjs.org/@floating-ui/utils/-/utils-0.2.12.tgz 0ms (cache hit)
380 http cache @floating-ui/react-dom@https://registry.npmjs.org/@floating-ui/react-dom/-/react-dom-2.1.9.tgz 0ms (cache hit)
381 http cache @date-fns/tz@https://registry.npmjs.org/@date-fns/tz/-/tz-1.5.0.tgz 0ms (cache hit)
382 http cache @dotenvx/dotenvx@https://registry.npmjs.org/@dotenvx/dotenvx/-/dotenvx-1.75.1.tgz 0ms (cache hit)
383 http cache @dotenvx/primitives@https://registry.npmjs.org/@dotenvx/primitives/-/primitives-0.8.0.tgz 0ms (cache hit)
384 http cache @floating-ui/core@https://registry.npmjs.org/@floating-ui/core/-/core-1.8.0.tgz 0ms (cache hit)
385 http cache @base-ui/utils@https://registry.npmjs.org/@base-ui/utils/-/utils-0.3.2.tgz 0ms (cache hit)
386 http cache @babel/types@https://registry.npmjs.org/@babel/types/-/types-7.29.8.tgz 0ms (cache hit)
387 http cache @base-ui/react@https://registry.npmjs.org/@base-ui/react/-/react-1.7.0.tgz 0ms (cache hit)
388 http cache @floating-ui/dom@https://registry.npmjs.org/@floating-ui/dom/-/dom-1.8.0.tgz 0ms (cache hit)
389 http cache @babel/runtime@https://registry.npmjs.org/@babel/runtime/-/runtime-7.29.7.tgz 0ms (cache hit)
390 http cache @babel/template@https://registry.npmjs.org/@babel/template/-/template-7.29.7.tgz 0ms (cache hit)
391 http cache @babel/preset-typescript@https://registry.npmjs.org/@babel/preset-typescript/-/preset-typescript-7.29.7.tgz 0ms (cache hit)
392 http cache @babel/plugin-transform-typescript@https://registry.npmjs.org/@babel/plugin-transform-typescript/-/plugin-transform-typescript-7.29.7.tgz 0ms (cache hit)
393 http cache @babel/plugin-transform-modules-commonjs@https://registry.npmjs.org/@babel/plugin-transform-modules-commonjs/-/plugin-transform-modules-commonjs-7.29.7.tgz 0ms (cache hit)
394 http cache @babel/plugin-syntax-typescript@https://registry.npmjs.org/@babel/plugin-syntax-typescript/-/plugin-syntax-typescript-7.29.7.tgz 0ms (cache hit)
395 http cache @babel/plugin-syntax-jsx@https://registry.npmjs.org/@babel/plugin-syntax-jsx/-/plugin-syntax-jsx-7.29.7.tgz 0ms (cache hit)
396 http cache @babel/helper-validator-option@https://registry.npmjs.org/@babel/helper-validator-option/-/helper-validator-option-7.29.7.tgz 0ms (cache hit)
397 http cache @babel/helpers@https://registry.npmjs.org/@babel/helpers/-/helpers-7.29.7.tgz 0ms (cache hit)
398 http cache @babel/traverse@https://registry.npmjs.org/@babel/traverse/-/traverse-7.29.8.tgz 0ms (cache hit)
399 http cache @babel/parser@https://registry.npmjs.org/@babel/parser/-/parser-7.29.8.tgz 0ms (cache hit)
400 http cache @babel/helper-string-parser@https://registry.npmjs.org/@babel/helper-string-parser/-/helper-string-parser-7.29.7.tgz 0ms (cache hit)
401 http cache @babel/helper-skip-transparent-expression-wrappers@https://registry.npmjs.org/@babel/helper-skip-transparent-expression-wrappers/-/helper-skip-transparent-expression-wrappers-7.29.7.tgz 0ms (cache hit)
402 http cache @babel/helper-plugin-utils@https://registry.npmjs.org/@babel/helper-plugin-utils/-/helper-plugin-utils-7.29.7.tgz 0ms (cache hit)
403 http cache @babel/helper-validator-identifier@https://registry.npmjs.org/@babel/helper-validator-identifier/-/helper-validator-identifier-7.29.7.tgz 0ms (cache hit)
404 http cache @babel/helper-optimise-call-expression@https://registry.npmjs.org/@babel/helper-optimise-call-expression/-/helper-optimise-call-expression-7.29.7.tgz 0ms (cache hit)
405 http cache @babel/helper-module-transforms@https://registry.npmjs.org/@babel/helper-module-transforms/-/helper-module-transforms-7.29.7.tgz 0ms (cache hit)
406 http cache @babel/helper-replace-supers@https://registry.npmjs.org/@babel/helper-replace-supers/-/helper-replace-supers-7.29.7.tgz 0ms (cache hit)
407 http cache @babel/helper-member-expression-to-functions@https://registry.npmjs.org/@babel/helper-member-expression-to-functions/-/helper-member-expression-to-functions-7.29.7.tgz 0ms (cache hit)
408 http cache @babel/generator@https://registry.npmjs.org/@babel/generator/-/generator-7.29.8.tgz 0ms (cache hit)
409 http cache @babel/helper-module-imports@https://registry.npmjs.org/@babel/helper-module-imports/-/helper-module-imports-7.29.7.tgz 0ms (cache hit)
410 http cache @babel/helper-annotate-as-pure@https://registry.npmjs.org/@babel/helper-annotate-as-pure/-/helper-annotate-as-pure-7.29.7.tgz 0ms (cache hit)
411 http cache @babel/helper-compilation-targets@https://registry.npmjs.org/@babel/helper-compilation-targets/-/helper-compilation-targets-7.29.7.tgz 0ms (cache hit)
412 http cache @babel/compat-data@https://registry.npmjs.org/@babel/compat-data/-/compat-data-7.29.7.tgz 0ms (cache hit)
413 http cache @babel/helper-create-class-features-plugin@https://registry.npmjs.org/@babel/helper-create-class-features-plugin/-/helper-create-class-features-plugin-7.29.7.tgz 0ms (cache hit)
414 http cache @babel/code-frame@https://registry.npmjs.org/@babel/code-frame/-/code-frame-7.29.7.tgz 0ms (cache hit)
415 http cache @babel/core@https://registry.npmjs.org/@babel/core/-/core-7.29.7.tgz 0ms (cache hit)
416 http cache @alloc/quick-lru@https://registry.npmjs.org/@alloc/quick-lru/-/quick-lru-5.3.0.tgz 0ms (cache hit)
417 http cache @babel/helper-globals@https://registry.npmjs.org/@babel/helper-globals/-/helper-globals-7.29.7.tgz 0ms (cache hit)
418 http cache powershell-utils@https://registry.npmjs.org/powershell-utils/-/powershell-utils-0.1.0.tgz 0ms (cache hit)
419 http cache content-type@https://registry.npmjs.org/content-type/-/content-type-2.1.0.tgz 0ms (cache hit)
420 http cache strip-ansi@https://registry.npmjs.org/strip-ansi/-/strip-ansi-7.2.0.tgz 0ms (cache hit)
421 http cache is-obj@https://registry.npmjs.org/is-obj/-/is-obj-3.0.0.tgz 0ms (cache hit)
422 http cache undici@https://registry.npmjs.org/undici/-/undici-7.29.1.tgz 0ms (cache hit)
423 http cache onetime@https://registry.npmjs.org/onetime/-/onetime-7.0.0.tgz 0ms (cache hit)
424 http cache ansi-regex@https://registry.npmjs.org/ansi-regex/-/ansi-regex-6.3.0.tgz 0ms (cache hit)
425 http cache reselect@https://registry.npmjs.org/reselect/-/reselect-5.1.1.tgz 0ms (cache hit)
426 http cache kleur@https://registry.npmjs.org/kleur/-/kleur-3.0.3.tgz 0ms (cache hit)
427 http cache strip-ansi@https://registry.npmjs.org/strip-ansi/-/strip-ansi-7.2.0.tgz 0ms (cache hit)
428 http cache ansi-regex@https://registry.npmjs.org/ansi-regex/-/ansi-regex-6.3.0.tgz 0ms (cache hit)
429 http cache mimic-fn@https://registry.npmjs.org/mimic-fn/-/mimic-fn-2.1.0.tgz 0ms (cache hit)
430 http cache path-key@https://registry.npmjs.org/path-key/-/path-key-4.0.0.tgz 0ms (cache hit)
431 http cache sharp@https://registry.npmjs.org/sharp/-/sharp-0.35.4.tgz 0ms (cache hit)
432 http cache postcss@https://registry.npmjs.org/postcss/-/postcss-8.5.23.tgz 0ms (cache hit)
433 http cache @img/sharp-darwin-arm64@https://registry.npmjs.org/@img/sharp-darwin-arm64/-/sharp-darwin-arm64-0.35.4.tgz 0ms (cache hit)
434 http cache content-type@https://registry.npmjs.org/content-type/-/content-type-2.1.0.tgz 0ms (cache hit)
435 http cache semver@https://registry.npmjs.org/semver/-/semver-7.8.5.tgz 0ms (cache hit)
436 http cache picomatch@https://registry.npmjs.org/picomatch/-/picomatch-2.3.2.tgz 0ms (cache hit)
437 http cache which@https://registry.npmjs.org/which/-/which-2.0.2.tgz 0ms (cache hit)
438 http cache isexe@https://registry.npmjs.org/isexe/-/isexe-2.0.0.tgz 0ms (cache hit)
439 http cache json-schema-typed@https://registry.npmjs.org/json-schema-typed/-/json-schema-typed-7.0.3.tgz 0ms (cache hit)
440 http cache ajv-formats@https://registry.npmjs.org/ajv-formats/-/ajv-formats-2.1.1.tgz 0ms (cache hit)
441 http cache content-type@https://registry.npmjs.org/content-type/-/content-type-2.1.0.tgz 0ms (cache hit)
442 http cache is-unicode-supported@https://registry.npmjs.org/is-unicode-supported/-/is-unicode-supported-1.3.0.tgz 0ms (cache hit)
443 http cache semver@https://registry.npmjs.org/semver/-/semver-7.8.5.tgz 0ms (cache hit)
444 http cache immer@https://registry.npmjs.org/immer/-/immer-11.1.18.tgz 0ms (cache hit)
445 http cache open@https://registry.npmjs.org/open/-/open-8.4.2.tgz 0ms (cache hit)
446 http cache strip-final-newline@https://registry.npmjs.org/strip-final-newline/-/strip-final-newline-2.0.0.tgz 0ms (cache hit)
447 http cache @img/sharp-libvips-darwin-arm64@https://registry.npmjs.org/@img/sharp-libvips-darwin-arm64/-/sharp-libvips-darwin-arm64-1.3.3.tgz 0ms (cache hit)
448 http cache signal-exit@https://registry.npmjs.org/signal-exit/-/signal-exit-3.0.7.tgz 0ms (cache hit)
449 http cache is-wsl@https://registry.npmjs.org/is-wsl/-/is-wsl-2.2.0.tgz 0ms (cache hit)
450 http cache npm-run-path@https://registry.npmjs.org/npm-run-path/-/npm-run-path-4.0.1.tgz 0ms (cache hit)
451 http cache is-docker@https://registry.npmjs.org/is-docker/-/is-docker-2.2.1.tgz 0ms (cache hit)
452 http cache human-signals@https://registry.npmjs.org/human-signals/-/human-signals-2.1.0.tgz 0ms (cache hit)
453 http cache execa@https://registry.npmjs.org/execa/-/execa-5.1.1.tgz 0ms (cache hit)
454 http cache commander@https://registry.npmjs.org/commander/-/commander-11.1.0.tgz 0ms (cache hit)
455 http cache get-stream@https://registry.npmjs.org/get-stream/-/get-stream-6.0.1.tgz 0ms (cache hit)
456 http cache define-lazy-prop@https://registry.npmjs.org/define-lazy-prop/-/define-lazy-prop-2.0.0.tgz 0ms (cache hit)
457 http cache is-stream@https://registry.npmjs.org/is-stream/-/is-stream-2.0.1.tgz 0ms (cache hit)
458 silly tarball no local data for zod-to-json-schema@https://registry.npmjs.org/zod-to-json-schema/-/zod-to-json-schema-3.25.2.tgz. Extracting by manifest.
459 silly tarball no local data for zod@https://registry.npmjs.org/zod/-/zod-3.25.76.tgz. Extracting by manifest.
460 silly tarball no local data for yocto-spinner@https://registry.npmjs.org/yocto-spinner/-/yocto-spinner-1.2.2.tgz. Extracting by manifest.
461 silly tarball no local data for yoctocolors@https://registry.npmjs.org/yoctocolors/-/yoctocolors-2.2.0.tgz. Extracting by manifest.
462 silly tarball no local data for wsl-utils@https://registry.npmjs.org/wsl-utils/-/wsl-utils-1.0.0.tgz. Extracting by manifest.
463 silly tarball no local data for wrappy@https://registry.npmjs.org/wrappy/-/wrappy-1.0.2.tgz. Extracting by manifest.
464 silly tarball no local data for which@https://registry.npmjs.org/which/-/which-4.0.0.tgz. Extracting by manifest.
465 silly tarball no local data for victory-vendor@https://registry.npmjs.org/victory-vendor/-/victory-vendor-37.3.6.tgz. Extracting by manifest.
466 silly tarball no local data for yallist@https://registry.npmjs.org/yallist/-/yallist-3.1.1.tgz. Extracting by manifest.
467 silly tarball no local data for vary@https://registry.npmjs.org/vary/-/vary-1.1.2.tgz. Extracting by manifest.
468 silly tarball no local data for util-deprecate@https://registry.npmjs.org/util-deprecate/-/util-deprecate-1.0.2.tgz. Extracting by manifest.
469 silly tarball no local data for use-sync-external-store@https://registry.npmjs.org/use-sync-external-store/-/use-sync-external-store-1.6.0.tgz. Extracting by manifest.
470 silly tarball no local data for use-sidecar@https://registry.npmjs.org/use-sidecar/-/use-sidecar-1.1.3.tgz. Extracting by manifest.
471 silly tarball no local data for validate-npm-package-name@https://registry.npmjs.org/validate-npm-package-name/-/validate-npm-package-name-7.0.2.tgz. Extracting by manifest.
472 silly tarball no local data for update-browserslist-db@https://registry.npmjs.org/update-browserslist-db/-/update-browserslist-db-1.3.2.tgz. Extracting by manifest.
473 silly tarball no local data for use-callback-ref@https://registry.npmjs.org/use-callback-ref/-/use-callback-ref-1.3.3.tgz. Extracting by manifest.
474 silly tarball no local data for unpipe@https://registry.npmjs.org/unpipe/-/unpipe-1.0.0.tgz. Extracting by manifest.
475 silly tarball no local data for unicorn-magic@https://registry.npmjs.org/unicorn-magic/-/unicorn-magic-0.3.0.tgz. Extracting by manifest.
476 silly tarball no local data for universalify@https://registry.npmjs.org/universalify/-/universalify-2.0.1.tgz. Extracting by manifest.
477 silly tarball no local data for undici-types@https://registry.npmjs.org/undici-types/-/undici-types-6.21.0.tgz. Extracting by manifest.
478 silly tarball no local data for undici@https://registry.npmjs.org/undici/-/undici-7.24.8.tgz. Extracting by manifest.
479 silly tarball no local data for typescript@https://registry.npmjs.org/typescript/-/typescript-5.9.3.tgz. Extracting by manifest.
480 silly tarball no local data for type-is@https://registry.npmjs.org/type-is/-/type-is-2.1.0.tgz. Extracting by manifest.
481 silly tarball no local data for tsconfig-paths@https://registry.npmjs.org/tsconfig-paths/-/tsconfig-paths-4.2.0.tgz. Extracting by manifest.
482 silly tarball no local data for tslib@https://registry.npmjs.org/tslib/-/tslib-2.8.1.tgz. Extracting by manifest.
483 silly tarball no local data for ts-morph@https://registry.npmjs.org/ts-morph/-/ts-morph-26.0.0.tgz. Extracting by manifest.
484 silly tarball no local data for toidentifier@https://registry.npmjs.org/toidentifier/-/toidentifier-1.0.1.tgz. Extracting by manifest.
485 silly tarball no local data for tinypool@https://registry.npmjs.org/tinypool/-/tinypool-2.1.0.tgz. Extracting by manifest.
486 silly tarball no local data for tailwindcss@https://registry.npmjs.org/tailwindcss/-/tailwindcss-4.2.1.tgz. Extracting by manifest.
487 silly tarball no local data for to-regex-range@https://registry.npmjs.org/to-regex-range/-/to-regex-range-5.0.1.tgz. Extracting by manifest.
488 silly tarball no local data for tapable@https://registry.npmjs.org/tapable/-/tapable-2.3.3.tgz. Extracting by manifest.
489 silly tarball no local data for systeminformation@https://registry.npmjs.org/systeminformation/-/systeminformation-5.33.8.tgz. Extracting by manifest.
490 silly tarball no local data for styled-jsx@https://registry.npmjs.org/styled-jsx/-/styled-jsx-5.1.6.tgz. Extracting by manifest.
491 silly tarball no local data for tailwind-merge@https://registry.npmjs.org/tailwind-merge/-/tailwind-merge-3.6.0.tgz. Extracting by manifest.
492 silly tarball no local data for strip-ansi@https://registry.npmjs.org/strip-ansi/-/strip-ansi-6.0.1.tgz. Extracting by manifest.
493 silly tarball no local data for strip-final-newline@https://registry.npmjs.org/strip-final-newline/-/strip-final-newline-4.0.0.tgz. Extracting by manifest.
494 silly tarball no local data for strip-bom@https://registry.npmjs.org/strip-bom/-/strip-bom-3.0.0.tgz. Extracting by manifest.
495 silly tarball no local data for tiny-invariant@https://registry.npmjs.org/tiny-invariant/-/tiny-invariant-1.3.3.tgz. Extracting by manifest.
496 silly tarball no local data for string-width@https://registry.npmjs.org/string-width/-/string-width-7.2.0.tgz. Extracting by manifest.
497 silly tarball no local data for stdin-discarder@https://registry.npmjs.org/stdin-discarder/-/stdin-discarder-0.2.2.tgz. Extracting by manifest.
498 silly tarball no local data for stringify-object@https://registry.npmjs.org/stringify-object/-/stringify-object-5.0.0.tgz. Extracting by manifest.
499 silly tarball no local data for source-map@https://registry.npmjs.org/source-map/-/source-map-0.6.1.tgz. Extracting by manifest.
500 silly tarball no local data for socks@https://registry.npmjs.org/socks/-/socks-2.8.10.tgz. Extracting by manifest.
501 silly tarball no local data for source-map-js@https://registry.npmjs.org/source-map-js/-/source-map-js-1.2.1.tgz. Extracting by manifest.
502 silly tarball no local data for statuses@https://registry.npmjs.org/statuses/-/statuses-2.0.2.tgz. Extracting by manifest.
503 silly tarball no local data for side-channel-weakmap@https://registry.npmjs.org/side-channel-weakmap/-/side-channel-weakmap-1.0.2.tgz. Extracting by manifest.
504 silly tarball no local data for smart-buffer@https://registry.npmjs.org/smart-buffer/-/smart-buffer-4.2.0.tgz. Extracting by manifest.
505 silly tarball no local data for signal-exit@https://registry.npmjs.org/signal-exit/-/signal-exit-4.1.0.tgz. Extracting by manifest.
506 silly tarball no local data for side-channel-list@https://registry.npmjs.org/side-channel-list/-/side-channel-list-1.0.1.tgz. Extracting by manifest.
507 silly tarball no local data for side-channel-map@https://registry.npmjs.org/side-channel-map/-/side-channel-map-1.0.1.tgz. Extracting by manifest.
508 silly tarball no local data for shebang-command@https://registry.npmjs.org/shebang-command/-/shebang-command-2.0.0.tgz. Extracting by manifest.
509 silly tarball no local data for sisteransi@https://registry.npmjs.org/sisteransi/-/sisteransi-1.0.5.tgz. Extracting by manifest.
510 silly tarball no local data for side-channel@https://registry.npmjs.org/side-channel/-/side-channel-1.1.1.tgz. Extracting by manifest.
511 silly tarball no local data for shadcn@https://registry.npmjs.org/shadcn/-/shadcn-4.18.0.tgz. Extracting by manifest.
512 silly tarball no local data for setprototypeof@https://registry.npmjs.org/setprototypeof/-/setprototypeof-1.2.0.tgz. Extracting by manifest.
513 silly tarball no local data for send@https://registry.npmjs.org/send/-/send-1.2.1.tgz. Extracting by manifest.
514 silly tarball no local data for shebang-regex@https://registry.npmjs.org/shebang-regex/-/shebang-regex-3.0.0.tgz. Extracting by manifest.
515 silly tarball no local data for semver@https://registry.npmjs.org/semver/-/semver-6.3.1.tgz. Extracting by manifest.
516 silly tarball no local data for scheduler@https://registry.npmjs.org/scheduler/-/scheduler-0.27.0.tgz. Extracting by manifest.
517 silly tarball no local data for safer-buffer@https://registry.npmjs.org/safer-buffer/-/safer-buffer-2.1.2.tgz. Extracting by manifest.
518 silly tarball no local data for run-applescript@https://registry.npmjs.org/run-applescript/-/run-applescript-7.1.0.tgz. Extracting by manifest.
519 silly tarball no local data for run-parallel@https://registry.npmjs.org/run-parallel/-/run-parallel-1.2.0.tgz. Extracting by manifest.
520 silly tarball no local data for reusify@https://registry.npmjs.org/reusify/-/reusify-1.1.0.tgz. Extracting by manifest.
521 silly tarball no local data for serve-static@https://registry.npmjs.org/serve-static/-/serve-static-2.2.1.tgz. Extracting by manifest.
522 silly tarball no local data for resolve-from@https://registry.npmjs.org/resolve-from/-/resolve-from-4.0.0.tgz. Extracting by manifest.
523 silly tarball no local data for restore-cursor@https://registry.npmjs.org/restore-cursor/-/restore-cursor-5.1.0.tgz. Extracting by manifest.
524 silly tarball no local data for reselect@https://registry.npmjs.org/reselect/-/reselect-5.3.0.tgz. Extracting by manifest.
525 silly tarball no local data for router@https://registry.npmjs.org/router/-/router-2.2.0.tgz. Extracting by manifest.
526 silly tarball no local data for redux-thunk@https://registry.npmjs.org/redux-thunk/-/redux-thunk-3.1.0.tgz. Extracting by manifest.
527 silly tarball no local data for recharts@https://registry.npmjs.org/recharts/-/recharts-3.8.0.tgz. Extracting by manifest.
528 silly tarball no local data for react-style-singleton@https://registry.npmjs.org/react-style-singleton/-/react-style-singleton-2.2.3.tgz. Extracting by manifest.
529 silly tarball no local data for recast@https://registry.npmjs.org/recast/-/recast-0.23.21.tgz. Extracting by manifest.
530 silly tarball no local data for redux@https://registry.npmjs.org/redux/-/redux-5.0.1.tgz. Extracting by manifest.
531 silly tarball no local data for react-resizable-panels@https://registry.npmjs.org/react-resizable-panels/-/react-resizable-panels-4.5.8.tgz. Extracting by manifest.
532 silly tarball no local data for require-from-string@https://registry.npmjs.org/require-from-string/-/require-from-string-2.0.2.tgz. Extracting by manifest.
533 silly tarball no local data for react-remove-scroll-bar@https://registry.npmjs.org/react-remove-scroll-bar/-/react-remove-scroll-bar-2.3.8.tgz. Extracting by manifest.
534 silly tarball no local data for react-remove-scroll@https://registry.npmjs.org/react-remove-scroll/-/react-remove-scroll-2.7.2.tgz. Extracting by manifest.
535 silly tarball no local data for react-is@https://registry.npmjs.org/react-is/-/react-is-19.2.8.tgz. Extracting by manifest.
536 silly tarball no local data for react@https://registry.npmjs.org/react/-/react-19.2.6.tgz. Extracting by manifest.
537 silly tarball no local data for react-day-picker@https://registry.npmjs.org/react-day-picker/-/react-day-picker-9.8.1.tgz. Extracting by manifest.
538 silly tarball no local data for queue-microtask@https://registry.npmjs.org/queue-microtask/-/queue-microtask-1.2.3.tgz. Extracting by manifest.
539 silly tarball no local data for react-dom@https://registry.npmjs.org/react-dom/-/react-dom-19.2.6.tgz. Extracting by manifest.
540 silly tarball no local data for range-parser@https://registry.npmjs.org/range-parser/-/range-parser-1.3.0.tgz. Extracting by manifest.
541 silly tarball no local data for qs@https://registry.npmjs.org/qs/-/qs-6.16.0.tgz. Extracting by manifest.
542 silly tarball no local data for raw-body@https://registry.npmjs.org/raw-body/-/raw-body-3.0.2.tgz. Extracting by manifest.
543 silly tarball no local data for proxy-addr@https://registry.npmjs.org/proxy-addr/-/proxy-addr-2.0.7.tgz. Extracting by manifest.
544 silly tarball no local data for pretty-ms@https://registry.npmjs.org/pretty-ms/-/pretty-ms-9.3.1.tgz. Extracting by manifest.
545 silly tarball no local data for prompts@https://registry.npmjs.org/prompts/-/prompts-2.4.2.tgz. Extracting by manifest.
546 silly tarball no local data for postcss-selector-parser@https://registry.npmjs.org/postcss-selector-parser/-/postcss-selector-parser-7.1.6.tgz. Extracting by manifest.
547 silly tarball no local data for postcss@https://registry.npmjs.org/postcss/-/postcss-8.5.28.tgz. Extracting by manifest.
548 silly tarball no local data for powershell-utils@https://registry.npmjs.org/powershell-utils/-/powershell-utils-0.2.1.tgz. Extracting by manifest.
549 silly tarball no local data for pkg-up@https://registry.npmjs.org/pkg-up/-/pkg-up-3.1.0.tgz. Extracting by manifest.
550 silly tarball no local data for picocolors@https://registry.npmjs.org/picocolors/-/picocolors-1.1.1.tgz. Extracting by manifest.
551 silly tarball no local data for react-redux@https://registry.npmjs.org/react-redux/-/react-redux-9.3.0.tgz. Extracting by manifest.
552 silly tarball no local data for picomatch@https://registry.npmjs.org/picomatch/-/picomatch-4.0.7.tgz. Extracting by manifest.
553 silly tarball no local data for pkce-challenge@https://registry.npmjs.org/pkce-challenge/-/pkce-challenge-5.0.1.tgz. Extracting by manifest.
554 silly tarball no local data for path-to-regexp@https://registry.npmjs.org/path-to-regexp/-/path-to-regexp-8.4.2.tgz. Extracting by manifest.
555 silly tarball no local data for path-browserify@https://registry.npmjs.org/path-browserify/-/path-browserify-1.0.1.tgz. Extracting by manifest.
556 silly tarball no local data for path-exists@https://registry.npmjs.org/path-exists/-/path-exists-3.0.0.tgz. Extracting by manifest.
557 silly tarball no local data for path-key@https://registry.npmjs.org/path-key/-/path-key-3.1.1.tgz. Extracting by manifest.
558 silly tarball no local data for parseurl@https://registry.npmjs.org/parseurl/-/parseurl-1.3.3.tgz. Extracting by manifest.
559 silly tarball no local data for parse-ms@https://registry.npmjs.org/parse-ms/-/parse-ms-4.0.0.tgz. Extracting by manifest.
560 silly tarball no local data for parse-json@https://registry.npmjs.org/parse-json/-/parse-json-5.2.0.tgz. Extracting by manifest.
561 silly tarball no local data for parent-module@https://registry.npmjs.org/parent-module/-/parent-module-1.0.1.tgz. Extracting by manifest.
562 silly tarball no local data for p-limit@https://registry.npmjs.org/p-limit/-/p-limit-2.3.0.tgz. Extracting by manifest.
563 silly tarball no local data for oxlint-tsgolint@https://registry.npmjs.org/oxlint-tsgolint/-/oxlint-tsgolint-7.0.2001.tgz. Extracting by manifest.
564 silly tarball no local data for p-locate@https://registry.npmjs.org/p-locate/-/p-locate-3.0.0.tgz. Extracting by manifest.
565 silly tarball no local data for p-try@https://registry.npmjs.org/p-try/-/p-try-2.2.0.tgz. Extracting by manifest.
566 silly tarball no local data for oxlint@https://registry.npmjs.org/oxlint/-/oxlint-1.76.0.tgz. Extracting by manifest.
567 silly tarball no local data for oxfmt@https://registry.npmjs.org/oxfmt/-/oxfmt-0.61.0.tgz. Extracting by manifest.
568 silly tarball no local data for ora@https://registry.npmjs.org/ora/-/ora-8.2.0.tgz. Extracting by manifest.
569 silly tarball no local data for onetime@https://registry.npmjs.org/onetime/-/onetime-5.1.2.tgz. Extracting by manifest.
570 silly tarball no local data for once@https://registry.npmjs.org/once/-/once-1.4.0.tgz. Extracting by manifest.
571 silly tarball no local data for on-finished@https://registry.npmjs.org/on-finished/-/on-finished-2.4.1.tgz. Extracting by manifest.
572 silly tarball no local data for open@https://registry.npmjs.org/open/-/open-11.0.2.tgz. Extracting by manifest.
573 silly tarball no local data for object-assign@https://registry.npmjs.org/object-assign/-/object-assign-4.1.1.tgz. Extracting by manifest.
574 silly tarball no local data for object-inspect@https://registry.npmjs.org/object-inspect/-/object-inspect-1.13.4.tgz. Extracting by manifest.
575 silly tarball no local data for node-releases@https://registry.npmjs.org/node-releases/-/node-releases-2.0.54.tgz. Extracting by manifest.
576 silly tarball no local data for next@https://registry.npmjs.org/next/-/next-16.3.4.tgz. Extracting by manifest.
577 silly tarball no local data for npm-run-path@https://registry.npmjs.org/npm-run-path/-/npm-run-path-6.0.0.tgz. Extracting by manifest.
578 silly tarball no local data for nanoid@https://registry.npmjs.org/nanoid/-/nanoid-3.3.18.tgz. Extracting by manifest.
579 silly tarball no local data for negotiator@https://registry.npmjs.org/negotiator/-/negotiator-1.1.0.tgz. Extracting by manifest.
580 silly tarball no local data for object-treeify@https://registry.npmjs.org/object-treeify/-/object-treeify-1.1.33.tgz. Extracting by manifest.
581 silly tarball no local data for ms@https://registry.npmjs.org/ms/-/ms-2.1.3.tgz. Extracting by manifest.
582 silly tarball no local data for minimatch@https://registry.npmjs.org/minimatch/-/minimatch-10.2.6.tgz. Extracting by manifest.
583 silly tarball no local data for minimist@https://registry.npmjs.org/minimist/-/minimist-1.2.8.tgz. Extracting by manifest.
584 silly tarball no local data for mime-db@https://registry.npmjs.org/mime-db/-/mime-db-1.54.0.tgz. Extracting by manifest.
585 silly tarball no local data for mime-types@https://registry.npmjs.org/mime-types/-/mime-types-3.0.2.tgz. Extracting by manifest.
586 silly tarball no local data for mimic-function@https://registry.npmjs.org/mimic-function/-/mimic-function-5.0.1.tgz. Extracting by manifest.
587 silly tarball no local data for mimic-fn@https://registry.npmjs.org/mimic-fn/-/mimic-fn-3.1.0.tgz. Extracting by manifest.
588 silly tarball no local data for micromatch@https://registry.npmjs.org/micromatch/-/micromatch-4.0.8.tgz. Extracting by manifest.
589 silly tarball no local data for merge2@https://registry.npmjs.org/merge2/-/merge2-1.4.1.tgz. Extracting by manifest.
590 silly tarball no local data for merge-stream@https://registry.npmjs.org/merge-stream/-/merge-stream-2.0.0.tgz. Extracting by manifest.
591 silly tarball no local data for media-typer@https://registry.npmjs.org/media-typer/-/media-typer-1.1.1.tgz. Extracting by manifest.
592 silly tarball no local data for math-intrinsics@https://registry.npmjs.org/math-intrinsics/-/math-intrinsics-1.1.0.tgz. Extracting by manifest.
593 silly tarball no local data for merge-descriptors@https://registry.npmjs.org/merge-descriptors/-/merge-descriptors-2.0.0.tgz. Extracting by manifest.
594 silly tarball no local data for lucide-react@https://registry.npmjs.org/lucide-react/-/lucide-react-1.31.0.tgz. Extracting by manifest.
595 silly tarball no local data for magic-string@https://registry.npmjs.org/magic-string/-/magic-string-0.30.21.tgz. Extracting by manifest.
596 silly tarball no local data for log-symbols@https://registry.npmjs.org/log-symbols/-/log-symbols-6.0.0.tgz. Extracting by manifest.
597 silly tarball no local data for locate-path@https://registry.npmjs.org/locate-path/-/locate-path-3.0.0.tgz. Extracting by manifest.
598 silly tarball no local data for lightningcss-darwin-arm64@https://registry.npmjs.org/lightningcss-darwin-arm64/-/lightningcss-darwin-arm64-1.31.1.tgz. Extracting by manifest.
599 silly tarball no local data for lru-cache@https://registry.npmjs.org/lru-cache/-/lru-cache-5.1.1.tgz. Extracting by manifest.
600 silly tarball no local data for lines-and-columns@https://registry.npmjs.org/lines-and-columns/-/lines-and-columns-1.2.4.tgz. Extracting by manifest.
601 silly tarball no local data for kleur@https://registry.npmjs.org/kleur/-/kleur-4.1.5.tgz. Extracting by manifest.
602 silly tarball no local data for json5@https://registry.npmjs.org/json5/-/json5-2.2.3.tgz. Extracting by manifest.
603 silly tarball no local data for json-schema-typed@https://registry.npmjs.org/json-schema-typed/-/json-schema-typed-8.0.2.tgz. Extracting by manifest.
604 silly tarball no local data for jsesc@https://registry.npmjs.org/jsesc/-/jsesc-3.1.0.tgz. Extracting by manifest.
605 silly tarball no local data for json-schema-traverse@https://registry.npmjs.org/json-schema-traverse/-/json-schema-traverse-1.0.0.tgz. Extracting by manifest.
606 silly tarball no local data for json-parse-even-better-errors@https://registry.npmjs.org/json-parse-even-better-errors/-/json-parse-even-better-errors-2.3.1.tgz. Extracting by manifest.
607 silly tarball no local data for jsonfile@https://registry.npmjs.org/jsonfile/-/jsonfile-6.2.1.tgz. Extracting by manifest.
608 silly tarball no local data for jose@https://registry.npmjs.org/jose/-/jose-6.2.11.tgz. Extracting by manifest.
609 silly tarball no local data for js-tokens@https://registry.npmjs.org/js-tokens/-/js-tokens-4.0.0.tgz. Extracting by manifest.
610 silly tarball no local data for jiti@https://registry.npmjs.org/jiti/-/jiti-2.7.0.tgz. Extracting by manifest.
611 silly tarball no local data for isexe@https://registry.npmjs.org/isexe/-/isexe-3.1.5.tgz. Extracting by manifest.
612 silly tarball no local data for js-yaml@https://registry.npmjs.org/js-yaml/-/js-yaml-4.3.2.tgz. Extracting by manifest.
613 silly tarball no local data for is-wsl@https://registry.npmjs.org/is-wsl/-/is-wsl-3.1.1.tgz. Extracting by manifest.
614 silly tarball no local data for is-stream@https://registry.npmjs.org/is-stream/-/is-stream-4.0.1.tgz. Extracting by manifest.
615 silly tarball no local data for is-unicode-supported@https://registry.npmjs.org/is-unicode-supported/-/is-unicode-supported-2.1.0.tgz. Extracting by manifest.
616 silly tarball no local data for is-regexp@https://registry.npmjs.org/is-regexp/-/is-regexp-3.1.0.tgz. Extracting by manifest.
617 silly tarball no local data for is-promise@https://registry.npmjs.org/is-promise/-/is-promise-4.0.0.tgz. Extracting by manifest.
618 silly tarball no local data for is-number@https://registry.npmjs.org/is-number/-/is-number-7.0.0.tgz. Extracting by manifest.
619 silly tarball no local data for is-obj@https://registry.npmjs.org/is-obj/-/is-obj-2.0.0.tgz. Extracting by manifest.
620 silly tarball no local data for is-interactive@https://registry.npmjs.org/is-interactive/-/is-interactive-2.0.0.tgz. Extracting by manifest.
621 silly tarball no local data for is-glob@https://registry.npmjs.org/is-glob/-/is-glob-4.0.3.tgz. Extracting by manifest.
622 silly tarball no local data for is-plain-obj@https://registry.npmjs.org/is-plain-obj/-/is-plain-obj-4.1.0.tgz. Extracting by manifest.
623 silly tarball no local data for is-inside-container@https://registry.npmjs.org/is-inside-container/-/is-inside-container-1.0.0.tgz. Extracting by manifest.
624 silly tarball no local data for is-in-ssh@https://registry.npmjs.org/is-in-ssh/-/is-in-ssh-1.0.0.tgz. Extracting by manifest.
625 silly tarball no local data for is-extglob@https://registry.npmjs.org/is-extglob/-/is-extglob-2.1.1.tgz. Extracting by manifest.
626 silly tarball no local data for is-arrayish@https://registry.npmjs.org/is-arrayish/-/is-arrayish-0.2.1.tgz. Extracting by manifest.
627 silly tarball no local data for is-docker@https://registry.npmjs.org/is-docker/-/is-docker-3.0.0.tgz. Extracting by manifest.
628 silly tarball no local data for ip-address@https://registry.npmjs.org/ip-address/-/ip-address-10.7.0.tgz. Extracting by manifest.
629 silly tarball no local data for internmap@https://registry.npmjs.org/internmap/-/internmap-2.0.3.tgz. Extracting by manifest.
630 silly tarball no local data for lightningcss@https://registry.npmjs.org/lightningcss/-/lightningcss-1.31.1.tgz. Extracting by manifest.
631 silly tarball no local data for input-otp@https://registry.npmjs.org/input-otp/-/input-otp-1.4.2.tgz. Extracting by manifest.
632 silly tarball no local data for inherits@https://registry.npmjs.org/inherits/-/inherits-2.0.4.tgz. Extracting by manifest.
633 silly tarball no local data for import-fresh@https://registry.npmjs.org/import-fresh/-/import-fresh-3.3.1.tgz. Extracting by manifest.
634 silly tarball no local data for immer@https://registry.npmjs.org/immer/-/immer-10.2.0.tgz. Extracting by manifest.
635 silly tarball no local data for ignore@https://registry.npmjs.org/ignore/-/ignore-5.3.2.tgz. Extracting by manifest.
636 silly tarball no local data for iconv-lite@https://registry.npmjs.org/iconv-lite/-/iconv-lite-0.7.3.tgz. Extracting by manifest.
637 silly tarball no local data for human-signals@https://registry.npmjs.org/human-signals/-/human-signals-8.0.1.tgz. Extracting by manifest.
638 silly tarball no local data for http-errors@https://registry.npmjs.org/http-errors/-/http-errors-2.0.1.tgz. Extracting by manifest.
639 silly tarball no local data for hono@https://registry.npmjs.org/hono/-/hono-4.13.7.tgz. Extracting by manifest.
640 silly tarball no local data for hasown@https://registry.npmjs.org/hasown/-/hasown-2.0.4.tgz. Extracting by manifest.
641 silly tarball no local data for has-symbols@https://registry.npmjs.org/has-symbols/-/has-symbols-1.1.0.tgz. Extracting by manifest.
642 silly tarball no local data for graceful-fs@https://registry.npmjs.org/graceful-fs/-/graceful-fs-4.2.11.tgz. Extracting by manifest.
643 silly tarball no local data for gopd@https://registry.npmjs.org/gopd/-/gopd-1.2.0.tgz. Extracting by manifest.
644 silly tarball no local data for glob-parent@https://registry.npmjs.org/glob-parent/-/glob-parent-5.1.2.tgz. Extracting by manifest.
645 silly tarball no local data for get-stream@https://registry.npmjs.org/get-stream/-/get-stream-9.0.1.tgz. Extracting by manifest.
646 silly tarball no local data for get-proto@https://registry.npmjs.org/get-proto/-/get-proto-1.0.1.tgz. Extracting by manifest.
647 silly tarball no local data for get-own-enumerable-keys@https://registry.npmjs.org/get-own-enumerable-keys/-/get-own-enumerable-keys-1.0.0.tgz. Extracting by manifest.
648 silly tarball no local data for get-nonce@https://registry.npmjs.org/get-nonce/-/get-nonce-1.0.1.tgz. Extracting by manifest.
649 silly tarball no local data for get-intrinsic@https://registry.npmjs.org/get-intrinsic/-/get-intrinsic-1.3.0.tgz. Extracting by manifest.
650 silly tarball no local data for get-east-asian-width@https://registry.npmjs.org/get-east-asian-width/-/get-east-asian-width-1.6.0.tgz. Extracting by manifest.
651 silly tarball no local data for gensync@https://registry.npmjs.org/gensync/-/gensync-1.0.0-beta.2.tgz. Extracting by manifest.
652 silly tarball no local data for function-bind@https://registry.npmjs.org/function-bind/-/function-bind-1.1.2.tgz. Extracting by manifest.
653 silly tarball no local data for fuzzysort@https://registry.npmjs.org/fuzzysort/-/fuzzysort-3.1.0.tgz. Extracting by manifest.
654 silly tarball no local data for fs-extra@https://registry.npmjs.org/fs-extra/-/fs-extra-11.4.0.tgz. Extracting by manifest.
655 silly tarball no local data for fresh@https://registry.npmjs.org/fresh/-/fresh-2.0.0.tgz. Extracting by manifest.
656 silly tarball no local data for forwarded@https://registry.npmjs.org/forwarded/-/forwarded-0.2.0.tgz. Extracting by manifest.
657 silly tarball no local data for find-up@https://registry.npmjs.org/find-up/-/find-up-3.0.0.tgz. Extracting by manifest.
658 silly tarball no local data for finalhandler@https://registry.npmjs.org/finalhandler/-/finalhandler-2.1.1.tgz. Extracting by manifest.
659 silly tarball no local data for fill-range@https://registry.npmjs.org/fill-range/-/fill-range-7.1.1.tgz. Extracting by manifest.
660 silly tarball no local data for figures@https://registry.npmjs.org/figures/-/figures-6.1.0.tgz. Extracting by manifest.
661 silly tarball no local data for fdir@https://registry.npmjs.org/fdir/-/fdir-6.5.0.tgz. Extracting by manifest.
662 silly tarball no local data for fastq@https://registry.npmjs.org/fastq/-/fastq-1.20.3.tgz. Extracting by manifest.
663 silly tarball no local data for fast-uri@https://registry.npmjs.org/fast-uri/-/fast-uri-3.1.7.tgz. Extracting by manifest.
664 silly tarball no local data for fast-glob@https://registry.npmjs.org/fast-glob/-/fast-glob-3.3.3.tgz. Extracting by manifest.
665 silly tarball no local data for fast-deep-equal@https://registry.npmjs.org/fast-deep-equal/-/fast-deep-equal-3.1.3.tgz. Extracting by manifest.
666 silly tarball no local data for express-rate-limit@https://registry.npmjs.org/express-rate-limit/-/express-rate-limit-8.7.0.tgz. Extracting by manifest.
667 silly tarball no local data for express@https://registry.npmjs.org/express/-/express-5.2.1.tgz. Extracting by manifest.
668 silly tarball no local data for execa@https://registry.npmjs.org/execa/-/execa-9.6.1.tgz. Extracting by manifest.
669 silly tarball no local data for eventsource-parser@https://registry.npmjs.org/eventsource-parser/-/eventsource-parser-3.1.1.tgz. Extracting by manifest.
670 silly tarball no local data for eventsource@https://registry.npmjs.org/eventsource/-/eventsource-3.0.7.tgz. Extracting by manifest.
671 silly tarball no local data for eventemitter3@https://registry.npmjs.org/eventemitter3/-/eventemitter3-5.0.4.tgz. Extracting by manifest.
672 silly tarball no local data for esprima@https://registry.npmjs.org/esprima/-/esprima-4.0.1.tgz. Extracting by manifest.
673 silly tarball no local data for etag@https://registry.npmjs.org/etag/-/etag-1.8.1.tgz. Extracting by manifest.
674 silly tarball no local data for escape-html@https://registry.npmjs.org/escape-html/-/escape-html-1.0.3.tgz. Extracting by manifest.
675 silly tarball no local data for es-toolkit@https://registry.npmjs.org/es-toolkit/-/es-toolkit-1.52.0.tgz. Extracting by manifest.
676 silly tarball no local data for escalade@https://registry.npmjs.org/escalade/-/escalade-3.2.0.tgz. Extracting by manifest.
677 silly tarball no local data for es-object-atoms@https://registry.npmjs.org/es-object-atoms/-/es-object-atoms-1.1.2.tgz. Extracting by manifest.
678 silly tarball no local data for es-errors@https://registry.npmjs.org/es-errors/-/es-errors-1.3.0.tgz. Extracting by manifest.
679 silly tarball no local data for error-ex@https://registry.npmjs.org/error-ex/-/error-ex-1.3.4.tgz. Extracting by manifest.
680 silly tarball no local data for env-paths@https://registry.npmjs.org/env-paths/-/env-paths-2.2.1.tgz. Extracting by manifest.
681 silly tarball no local data for enquirer@https://registry.npmjs.org/enquirer/-/enquirer-2.4.1.tgz. Extracting by manifest.
682 silly tarball no local data for es-define-property@https://registry.npmjs.org/es-define-property/-/es-define-property-1.0.1.tgz. Extracting by manifest.
683 silly tarball no local data for encodeurl@https://registry.npmjs.org/encodeurl/-/encodeurl-2.0.0.tgz. Extracting by manifest.
684 silly tarball no local data for embla-carousel-reactive-utils@https://registry.npmjs.org/embla-carousel-reactive-utils/-/embla-carousel-reactive-utils-8.5.2.tgz. Extracting by manifest.
685 silly tarball no local data for enhanced-resolve@https://registry.npmjs.org/enhanced-resolve/-/enhanced-resolve-5.24.5.tgz. Extracting by manifest.
686 silly tarball no local data for embla-carousel-react@https://registry.npmjs.org/embla-carousel-react/-/embla-carousel-react-8.5.2.tgz. Extracting by manifest.
687 silly tarball no local data for emoji-regex@https://registry.npmjs.org/emoji-regex/-/emoji-regex-10.6.0.tgz. Extracting by manifest.
688 silly tarball no local data for embla-carousel@https://registry.npmjs.org/embla-carousel/-/embla-carousel-8.5.2.tgz. Extracting by manifest.
689 silly tarball no local data for ee-first@https://registry.npmjs.org/ee-first/-/ee-first-1.1.1.tgz. Extracting by manifest.
690 silly tarball no local data for electron-to-chromium@https://registry.npmjs.org/electron-to-chromium/-/electron-to-chromium-1.5.422.tgz. Extracting by manifest.
691 silly tarball no local data for dotenv@https://registry.npmjs.org/dotenv/-/dotenv-17.4.2.tgz. Extracting by manifest.
692 silly tarball no local data for dot-prop@https://registry.npmjs.org/dot-prop/-/dot-prop-6.0.1.tgz. Extracting by manifest.
693 silly tarball no local data for dunder-proto@https://registry.npmjs.org/dunder-proto/-/dunder-proto-1.0.1.tgz. Extracting by manifest.
694 silly tarball no local data for detect-node-es@https://registry.npmjs.org/detect-node-es/-/detect-node-es-1.1.0.tgz. Extracting by manifest.
695 silly tarball no local data for detect-libc@https://registry.npmjs.org/detect-libc/-/detect-libc-2.1.2.tgz. Extracting by manifest.
696 silly tarball no local data for diff@https://registry.npmjs.org/diff/-/diff-8.0.4.tgz. Extracting by manifest.
697 silly tarball no local data for define-lazy-prop@https://registry.npmjs.org/define-lazy-prop/-/define-lazy-prop-3.0.0.tgz. Extracting by manifest.
698 silly tarball no local data for default-browser-id@https://registry.npmjs.org/default-browser-id/-/default-browser-id-5.0.1.tgz. Extracting by manifest.
699 silly tarball no local data for depd@https://registry.npmjs.org/depd/-/depd-2.0.0.tgz. Extracting by manifest.
700 silly tarball no local data for default-browser@https://registry.npmjs.org/default-browser/-/default-browser-5.5.1.tgz. Extracting by manifest.
701 silly tarball no local data for deepmerge@https://registry.npmjs.org/deepmerge/-/deepmerge-4.3.1.tgz. Extracting by manifest.
702 silly tarball no local data for dedent@https://registry.npmjs.org/dedent/-/dedent-1.7.2.tgz. Extracting by manifest.
703 silly tarball no local data for decimal.js-light@https://registry.npmjs.org/decimal.js-light/-/decimal.js-light-2.5.1.tgz. Extracting by manifest.
704 silly tarball no local data for debug@https://registry.npmjs.org/debug/-/debug-4.4.3.tgz. Extracting by manifest.
705 silly tarball no local data for date-fns-jalali@https://registry.npmjs.org/date-fns-jalali/-/date-fns-jalali-4.1.0-0.tgz. Extracting by manifest.
706 silly tarball no local data for debounce-fn@https://registry.npmjs.org/debounce-fn/-/debounce-fn-4.0.0.tgz. Extracting by manifest.
707 silly tarball no local data for d3-timer@https://registry.npmjs.org/d3-timer/-/d3-timer-3.0.1.tgz. Extracting by manifest.
708 silly tarball no local data for d3-time@https://registry.npmjs.org/d3-time/-/d3-time-3.1.0.tgz. Extracting by manifest.
709 silly tarball no local data for date-fns@https://registry.npmjs.org/date-fns/-/date-fns-4.1.0.tgz. Extracting by manifest.
710 silly tarball no local data for d3-time-format@https://registry.npmjs.org/d3-time-format/-/d3-time-format-4.1.0.tgz. Extracting by manifest.
711 silly tarball no local data for d3-shape@https://registry.npmjs.org/d3-shape/-/d3-shape-3.2.0.tgz. Extracting by manifest.
712 silly tarball no local data for d3-interpolate@https://registry.npmjs.org/d3-interpolate/-/d3-interpolate-3.0.1.tgz. Extracting by manifest.
713 silly tarball no local data for d3-scale@https://registry.npmjs.org/d3-scale/-/d3-scale-4.0.2.tgz. Extracting by manifest.
714 silly tarball no local data for d3-path@https://registry.npmjs.org/d3-path/-/d3-path-3.1.0.tgz. Extracting by manifest.
715 silly tarball no local data for d3-ease@https://registry.npmjs.org/d3-ease/-/d3-ease-3.0.1.tgz. Extracting by manifest.
716 silly tarball no local data for d3-array@https://registry.npmjs.org/d3-array/-/d3-array-3.2.4.tgz. Extracting by manifest.
717 silly tarball no local data for d3-format@https://registry.npmjs.org/d3-format/-/d3-format-3.1.2.tgz. Extracting by manifest.
718 silly tarball no local data for csstype@https://registry.npmjs.org/csstype/-/csstype-3.2.3.tgz. Extracting by manifest.
719 silly tarball no local data for d3-color@https://registry.npmjs.org/d3-color/-/d3-color-3.1.0.tgz. Extracting by manifest.
720 silly tarball no local data for cssesc@https://registry.npmjs.org/cssesc/-/cssesc-3.0.0.tgz. Extracting by manifest.
721 silly tarball no local data for cosmiconfig@https://registry.npmjs.org/cosmiconfig/-/cosmiconfig-9.0.2.tgz. Extracting by manifest.
722 silly tarball no local data for cookie-signature@https://registry.npmjs.org/cookie-signature/-/cookie-signature-1.2.2.tgz. Extracting by manifest.
723 silly tarball no local data for cookie@https://registry.npmjs.org/cookie/-/cookie-0.7.2.tgz. Extracting by manifest.
724 silly tarball no local data for cross-spawn@https://registry.npmjs.org/cross-spawn/-/cross-spawn-7.0.6.tgz. Extracting by manifest.
725 silly tarball no local data for convert-source-map@https://registry.npmjs.org/convert-source-map/-/convert-source-map-2.0.0.tgz. Extracting by manifest.
726 silly tarball no local data for content-type@https://registry.npmjs.org/content-type/-/content-type-1.0.5.tgz. Extracting by manifest.
727 silly tarball no local data for conf@https://registry.npmjs.org/conf/-/conf-10.2.0.tgz. Extracting by manifest.
728 silly tarball no local data for content-disposition@https://registry.npmjs.org/content-disposition/-/content-disposition-1.1.0.tgz. Extracting by manifest.
729 silly tarball no local data for code-block-writer@https://registry.npmjs.org/code-block-writer/-/code-block-writer-13.0.3.tgz. Extracting by manifest.
730 silly tarball no local data for ipaddr.js@https://registry.npmjs.org/ipaddr.js/-/ipaddr.js-1.9.1.tgz. Extracting by manifest.
731 silly tarball no local data for clsx@https://registry.npmjs.org/clsx/-/clsx-2.1.1.tgz. Extracting by manifest.
732 silly tarball no local data for commander@https://registry.npmjs.org/commander/-/commander-14.0.3.tgz. Extracting by manifest.
733 silly tarball no local data for cmdk@https://registry.npmjs.org/cmdk/-/cmdk-1.1.1.tgz. Extracting by manifest.
734 silly tarball no local data for cli-spinners@https://registry.npmjs.org/cli-spinners/-/cli-spinners-2.9.2.tgz. Extracting by manifest.
735 silly tarball no local data for client-only@https://registry.npmjs.org/client-only/-/client-only-0.0.1.tgz. Extracting by manifest.
736 silly tarball no local data for chalk@https://registry.npmjs.org/chalk/-/chalk-5.6.2.tgz. Extracting by manifest.
737 silly tarball no local data for cli-cursor@https://registry.npmjs.org/cli-cursor/-/cli-cursor-5.0.0.tgz. Extracting by manifest.
738 silly tarball no local data for class-variance-authority@https://registry.npmjs.org/class-variance-authority/-/class-variance-authority-0.7.1.tgz. Extracting by manifest.
739 silly tarball no local data for caniuse-lite@https://registry.npmjs.org/caniuse-lite/-/caniuse-lite-1.0.30001810.tgz. Extracting by manifest.
740 silly tarball no local data for callsites@https://registry.npmjs.org/callsites/-/callsites-3.1.0.tgz. Extracting by manifest.
741 silly tarball no local data for cors@https://registry.npmjs.org/cors/-/cors-2.8.6.tgz. Extracting by manifest.
742 silly tarball no local data for call-bound@https://registry.npmjs.org/call-bound/-/call-bound-1.0.4.tgz. Extracting by manifest.
743 silly tarball no local data for call-bind-apply-helpers@https://registry.npmjs.org/call-bind-apply-helpers/-/call-bind-apply-helpers-1.0.2.tgz. Extracting by manifest.
744 silly tarball no local data for bundle-name@https://registry.npmjs.org/bundle-name/-/bundle-name-4.1.0.tgz. Extracting by manifest.
745 silly tarball no local data for bytes@https://registry.npmjs.org/bytes/-/bytes-3.1.2.tgz. Extracting by manifest.
746 silly tarball no local data for browserslist@https://registry.npmjs.org/browserslist/-/browserslist-4.28.9.tgz. Extracting by manifest.
747 silly tarball no local data for brace-expansion@https://registry.npmjs.org/brace-expansion/-/brace-expansion-5.0.9.tgz. Extracting by manifest.
748 silly tarball no local data for braces@https://registry.npmjs.org/braces/-/braces-3.0.3.tgz. Extracting by manifest.
749 silly tarball no local data for balanced-match@https://registry.npmjs.org/balanced-match/-/balanced-match-4.0.4.tgz. Extracting by manifest.
750 silly tarball no local data for baseline-browser-mapping@https://registry.npmjs.org/baseline-browser-mapping/-/baseline-browser-mapping-2.11.21.tgz. Extracting by manifest.
751 silly tarball no local data for ast-types@https://registry.npmjs.org/ast-types/-/ast-types-0.16.3.tgz. Extracting by manifest.
752 silly tarball no local data for aria-hidden@https://registry.npmjs.org/aria-hidden/-/aria-hidden-1.2.6.tgz. Extracting by manifest.
753 silly tarball no local data for ansi-regex@https://registry.npmjs.org/ansi-regex/-/ansi-regex-5.0.1.tgz. Extracting by manifest.
754 silly tarball no local data for ansi-colors@https://registry.npmjs.org/ansi-colors/-/ansi-colors-4.1.3.tgz. Extracting by manifest.
755 silly tarball no local data for atomically@https://registry.npmjs.org/atomically/-/atomically-1.7.0.tgz. Extracting by manifest.
756 silly tarball no local data for ajv-formats@https://registry.npmjs.org/ajv-formats/-/ajv-formats-3.0.1.tgz. Extracting by manifest.
757 silly tarball no local data for accepts@https://registry.npmjs.org/accepts/-/accepts-2.0.0.tgz. Extracting by manifest.
758 silly tarball no local data for argparse@https://registry.npmjs.org/argparse/-/argparse-2.0.1.tgz. Extracting by manifest.
759 silly tarball no local data for body-parser@https://registry.npmjs.org/body-parser/-/body-parser-2.3.0.tgz. Extracting by manifest.
760 silly tarball no local data for ajv@https://registry.npmjs.org/ajv/-/ajv-8.20.0.tgz. Extracting by manifest.
761 silly tarball no local data for @vercel/speed-insights@https://registry.npmjs.org/@vercel/speed-insights/-/speed-insights-2.0.0.tgz. Extracting by manifest.
762 silly tarball no local data for @types/validate-npm-package-name@https://registry.npmjs.org/@types/validate-npm-package-name/-/validate-npm-package-name-4.0.2.tgz. Extracting by manifest.
763 silly tarball no local data for @types/react@https://registry.npmjs.org/@types/react/-/react-19.2.14.tgz. Extracting by manifest.
764 silly tarball no local data for @types/react-dom@https://registry.npmjs.org/@types/react-dom/-/react-dom-19.2.3.tgz. Extracting by manifest.
765 silly tarball no local data for @vercel/analytics@https://registry.npmjs.org/@vercel/analytics/-/analytics-2.0.1.tgz. Extracting by manifest.
766 silly tarball no local data for @types/node@https://registry.npmjs.org/@types/node/-/node-22.19.19.tgz. Extracting by manifest.
767 silly tarball no local data for @types/d3-timer@https://registry.npmjs.org/@types/d3-timer/-/d3-timer-3.0.2.tgz. Extracting by manifest.
768 silly tarball no local data for @types/d3-shape@https://registry.npmjs.org/@types/d3-shape/-/d3-shape-3.2.0.tgz. Extracting by manifest.
769 silly tarball no local data for @types/d3-scale@https://registry.npmjs.org/@types/d3-scale/-/d3-scale-4.0.9.tgz. Extracting by manifest.
770 silly tarball no local data for @types/use-sync-external-store@https://registry.npmjs.org/@types/use-sync-external-store/-/use-sync-external-store-0.0.6.tgz. Extracting by manifest.
771 silly tarball no local data for @types/d3-path@https://registry.npmjs.org/@types/d3-path/-/d3-path-3.1.1.tgz. Extracting by manifest.
772 silly tarball no local data for @types/d3-time@https://registry.npmjs.org/@types/d3-time/-/d3-time-3.0.4.tgz. Extracting by manifest.
773 silly tarball no local data for @types/d3-ease@https://registry.npmjs.org/@types/d3-ease/-/d3-ease-3.0.2.tgz. Extracting by manifest.
774 silly tarball no local data for @types/d3-array@https://registry.npmjs.org/@types/d3-array/-/d3-array-3.2.2.tgz. Extracting by manifest.
775 silly tarball no local data for @tailwindcss/oxide-darwin-arm64@https://registry.npmjs.org/@tailwindcss/oxide-darwin-arm64/-/oxide-darwin-arm64-4.2.1.tgz. Extracting by manifest.
776 silly tarball no local data for @types/d3-interpolate@https://registry.npmjs.org/@types/d3-interpolate/-/d3-interpolate-3.0.4.tgz. Extracting by manifest.
777 silly tarball no local data for @ts-morph/common@https://registry.npmjs.org/@ts-morph/common/-/common-0.27.0.tgz. Extracting by manifest.
778 silly tarball no local data for @tailwindcss/postcss@https://registry.npmjs.org/@tailwindcss/postcss/-/postcss-4.2.1.tgz. Extracting by manifest.
779 silly tarball no local data for @tailwindcss/node@https://registry.npmjs.org/@tailwindcss/node/-/node-4.2.1.tgz. Extracting by manifest.
780 silly tarball no local data for @tailwindcss/oxide@https://registry.npmjs.org/@tailwindcss/oxide/-/oxide-4.2.1.tgz. Extracting by manifest.
781 silly tarball no local data for @types/d3-color@https://registry.npmjs.org/@types/d3-color/-/d3-color-3.1.3.tgz. Extracting by manifest.
782 silly tarball no local data for @swc/helpers@https://registry.npmjs.org/@swc/helpers/-/helpers-0.5.23.tgz. Extracting by manifest.
783 silly tarball no local data for @sec-ant/readable-stream@https://registry.npmjs.org/@sec-ant/readable-stream/-/readable-stream-0.4.1.tgz. Extracting by manifest.
784 silly tarball no local data for @standard-schema/utils@https://registry.npmjs.org/@standard-schema/utils/-/utils-0.3.0.tgz. Extracting by manifest.
785 silly tarball no local data for @standard-schema/spec@https://registry.npmjs.org/@standard-schema/spec/-/spec-1.1.0.tgz. Extracting by manifest.
786 silly tarball no local data for @radix-ui/react-use-layout-effect@https://registry.npmjs.org/@radix-ui/react-use-layout-effect/-/react-use-layout-effect-1.1.4.tgz. Extracting by manifest.
787 silly tarball no local data for @sindresorhus/merge-streams@https://registry.npmjs.org/@sindresorhus/merge-streams/-/merge-streams-4.0.0.tgz. Extracting by manifest.
788 silly tarball no local data for @radix-ui/react-use-effect-event@https://registry.npmjs.org/@radix-ui/react-use-effect-event/-/react-use-effect-event-0.0.5.tgz. Extracting by manifest.
789 silly tarball no local data for @reduxjs/toolkit@https://registry.npmjs.org/@reduxjs/toolkit/-/toolkit-2.12.0.tgz. Extracting by manifest.
790 silly tarball no local data for @radix-ui/react-use-controllable-state@https://registry.npmjs.org/@radix-ui/react-use-controllable-state/-/react-use-controllable-state-1.2.6.tgz. Extracting by manifest.
791 silly tarball no local data for @radix-ui/react-slot@https://registry.npmjs.org/@radix-ui/react-slot/-/react-slot-1.3.3.tgz. Extracting by manifest.
792 silly tarball no local data for @radix-ui/react-use-callback-ref@https://registry.npmjs.org/@radix-ui/react-use-callback-ref/-/react-use-callback-ref-1.1.4.tgz. Extracting by manifest.
793 silly tarball no local data for @radix-ui/react-primitive@https://registry.npmjs.org/@radix-ui/react-primitive/-/react-primitive-2.1.10.tgz. Extracting by manifest.
794 silly tarball no local data for @radix-ui/react-focus-scope@https://registry.npmjs.org/@radix-ui/react-focus-scope/-/react-focus-scope-1.1.16.tgz. Extracting by manifest.
795 silly tarball no local data for @shadcn/react@https://registry.npmjs.org/@shadcn/react/-/react-0.3.0.tgz. Extracting by manifest.
796 silly tarball no local data for @radix-ui/react-portal@https://registry.npmjs.org/@radix-ui/react-portal/-/react-portal-1.1.17.tgz. Extracting by manifest.
797 silly tarball no local data for @radix-ui/react-focus-guards@https://registry.npmjs.org/@radix-ui/react-focus-guards/-/react-focus-guards-1.1.6.tgz. Extracting by manifest.
798 silly tarball no local data for @radix-ui/react-dismissable-layer@https://registry.npmjs.org/@radix-ui/react-dismissable-layer/-/react-dismissable-layer-1.1.19.tgz. Extracting by manifest.
799 silly tarball no local data for @radix-ui/react-dialog@https://registry.npmjs.org/@radix-ui/react-dialog/-/react-dialog-1.1.23.tgz. Extracting by manifest.
800 silly tarball no local data for @radix-ui/primitive@https://registry.npmjs.org/@radix-ui/primitive/-/primitive-1.1.7.tgz. Extracting by manifest.
801 silly tarball no local data for @radix-ui/react-id@https://registry.npmjs.org/@radix-ui/react-id/-/react-id-1.1.4.tgz. Extracting by manifest.
802 silly tarball no local data for @oxlint/binding-darwin-arm64@https://registry.npmjs.org/@oxlint/binding-darwin-arm64/-/binding-darwin-arm64-1.76.0.tgz. Extracting by manifest.
803 silly tarball no local data for @radix-ui/react-compose-refs@https://registry.npmjs.org/@radix-ui/react-compose-refs/-/react-compose-refs-1.1.5.tgz. Extracting by manifest.
804 silly tarball no local data for @radix-ui/react-context@https://registry.npmjs.org/@radix-ui/react-context/-/react-context-1.2.2.tgz. Extracting by manifest.
805 silly tarball no local data for @oxfmt/binding-darwin-arm64@https://registry.npmjs.org/@oxfmt/binding-darwin-arm64/-/binding-darwin-arm64-0.61.0.tgz. Extracting by manifest.
806 silly tarball no local data for @nodelib/fs.walk@https://registry.npmjs.org/@nodelib/fs.walk/-/fs.walk-1.2.8.tgz. Extracting by manifest.
807 silly tarball no local data for @radix-ui/react-presence@https://registry.npmjs.org/@radix-ui/react-presence/-/react-presence-1.1.10.tgz. Extracting by manifest.
808 silly tarball no local data for @oxlint-tsgolint/darwin-arm64@https://registry.npmjs.org/@oxlint-tsgolint/darwin-arm64/-/darwin-arm64-7.0.2001.tgz. Extracting by manifest.
809 silly tarball no local data for @nodelib/fs.stat@https://registry.npmjs.org/@nodelib/fs.stat/-/fs.stat-2.0.5.tgz. Extracting by manifest.
810 silly tarball no local data for @next/swc-darwin-arm64@https://registry.npmjs.org/@next/swc-darwin-arm64/-/swc-darwin-arm64-16.3.4.tgz. Extracting by manifest.
811 silly tarball no local data for @modelcontextprotocol/sdk@https://registry.npmjs.org/@modelcontextprotocol/sdk/-/sdk-1.30.0.tgz. Extracting by manifest.
812 silly tarball no local data for @jridgewell/sourcemap-codec@https://registry.npmjs.org/@jridgewell/sourcemap-codec/-/sourcemap-codec-1.6.0.tgz. Extracting by manifest.
813 silly tarball no local data for @jridgewell/trace-mapping@https://registry.npmjs.org/@jridgewell/trace-mapping/-/trace-mapping-0.3.31.tgz. Extracting by manifest.
814 silly tarball no local data for @jridgewell/resolve-uri@https://registry.npmjs.org/@jridgewell/resolve-uri/-/resolve-uri-3.1.2.tgz. Extracting by manifest.
815 silly tarball no local data for @jridgewell/remapping@https://registry.npmjs.org/@jridgewell/remapping/-/remapping-2.3.5.tgz. Extracting by manifest.
816 silly tarball no local data for @next/env@https://registry.npmjs.org/@next/env/-/env-16.3.4.tgz. Extracting by manifest.
817 silly tarball no local data for @nodelib/fs.scandir@https://registry.npmjs.org/@nodelib/fs.scandir/-/fs.scandir-2.1.5.tgz. Extracting by manifest.
818 silly tarball no local data for @img/colour@https://registry.npmjs.org/@img/colour/-/colour-1.1.0.tgz. Extracting by manifest.
819 silly tarball no local data for @jridgewell/gen-mapping@https://registry.npmjs.org/@jridgewell/gen-mapping/-/gen-mapping-0.3.13.tgz. Extracting by manifest.
820 silly tarball no local data for @hono/node-server@https://registry.npmjs.org/@hono/node-server/-/node-server-2.1.1.tgz. Extracting by manifest.
821 silly tarball no local data for @floating-ui/utils@https://registry.npmjs.org/@floating-ui/utils/-/utils-0.2.12.tgz. Extracting by manifest.
822 silly tarball no local data for @floating-ui/react-dom@https://registry.npmjs.org/@floating-ui/react-dom/-/react-dom-2.1.9.tgz. Extracting by manifest.
823 silly tarball no local data for @date-fns/tz@https://registry.npmjs.org/@date-fns/tz/-/tz-1.5.0.tgz. Extracting by manifest.
824 silly tarball no local data for @dotenvx/dotenvx@https://registry.npmjs.org/@dotenvx/dotenvx/-/dotenvx-1.75.1.tgz. Extracting by manifest.
825 silly tarball no local data for @dotenvx/primitives@https://registry.npmjs.org/@dotenvx/primitives/-/primitives-0.8.0.tgz. Extracting by manifest.
826 silly tarball no local data for @floating-ui/core@https://registry.npmjs.org/@floating-ui/core/-/core-1.8.0.tgz. Extracting by manifest.
827 silly tarball no local data for @base-ui/utils@https://registry.npmjs.org/@base-ui/utils/-/utils-0.3.2.tgz. Extracting by manifest.
828 silly tarball no local data for @babel/types@https://registry.npmjs.org/@babel/types/-/types-7.29.8.tgz. Extracting by manifest.
829 silly tarball no local data for @base-ui/react@https://registry.npmjs.org/@base-ui/react/-/react-1.7.0.tgz. Extracting by manifest.
830 silly tarball no local data for @floating-ui/dom@https://registry.npmjs.org/@floating-ui/dom/-/dom-1.8.0.tgz. Extracting by manifest.
831 silly tarball no local data for @babel/runtime@https://registry.npmjs.org/@babel/runtime/-/runtime-7.29.7.tgz. Extracting by manifest.
832 silly tarball no local data for @babel/template@https://registry.npmjs.org/@babel/template/-/template-7.29.7.tgz. Extracting by manifest.
833 silly tarball no local data for @babel/preset-typescript@https://registry.npmjs.org/@babel/preset-typescript/-/preset-typescript-7.29.7.tgz. Extracting by manifest.
834 silly tarball no local data for @babel/plugin-transform-typescript@https://registry.npmjs.org/@babel/plugin-transform-typescript/-/plugin-transform-typescript-7.29.7.tgz. Extracting by manifest.
835 silly tarball no local data for @babel/plugin-transform-modules-commonjs@https://registry.npmjs.org/@babel/plugin-transform-modules-commonjs/-/plugin-transform-modules-commonjs-7.29.7.tgz. Extracting by manifest.
836 silly tarball no local data for @babel/plugin-syntax-typescript@https://registry.npmjs.org/@babel/plugin-syntax-typescript/-/plugin-syntax-typescript-7.29.7.tgz. Extracting by manifest.
837 silly tarball no local data for @babel/plugin-syntax-jsx@https://registry.npmjs.org/@babel/plugin-syntax-jsx/-/plugin-syntax-jsx-7.29.7.tgz. Extracting by manifest.
838 silly tarball no local data for @babel/helper-validator-option@https://registry.npmjs.org/@babel/helper-validator-option/-/helper-validator-option-7.29.7.tgz. Extracting by manifest.
839 silly tarball no local data for @babel/helpers@https://registry.npmjs.org/@babel/helpers/-/helpers-7.29.7.tgz. Extracting by manifest.
840 silly tarball no local data for @babel/traverse@https://registry.npmjs.org/@babel/traverse/-/traverse-7.29.8.tgz. Extracting by manifest.
841 silly tarball no local data for @babel/parser@https://registry.npmjs.org/@babel/parser/-/parser-7.29.8.tgz. Extracting by manifest.
842 silly tarball no local data for @babel/helper-string-parser@https://registry.npmjs.org/@babel/helper-string-parser/-/helper-string-parser-7.29.7.tgz. Extracting by manifest.
843 silly tarball no local data for @babel/helper-skip-transparent-expression-wrappers@https://registry.npmjs.org/@babel/helper-skip-transparent-expression-wrappers/-/helper-skip-transparent-expression-wrappers-7.29.7.tgz. Extracting by manifest.
844 silly tarball no local data for @babel/helper-plugin-utils@https://registry.npmjs.org/@babel/helper-plugin-utils/-/helper-plugin-utils-7.29.7.tgz. Extracting by manifest.
845 silly tarball no local data for @babel/helper-validator-identifier@https://registry.npmjs.org/@babel/helper-validator-identifier/-/helper-validator-identifier-7.29.7.tgz. Extracting by manifest.
846 silly tarball no local data for @babel/helper-optimise-call-expression@https://registry.npmjs.org/@babel/helper-optimise-call-expression/-/helper-optimise-call-expression-7.29.7.tgz. Extracting by manifest.
847 silly tarball no local data for @babel/helper-module-transforms@https://registry.npmjs.org/@babel/helper-module-transforms/-/helper-module-transforms-7.29.7.tgz. Extracting by manifest.
848 silly tarball no local data for @babel/helper-replace-supers@https://registry.npmjs.org/@babel/helper-replace-supers/-/helper-replace-supers-7.29.7.tgz. Extracting by manifest.
849 silly tarball no local data for @babel/helper-member-expression-to-functions@https://registry.npmjs.org/@babel/helper-member-expression-to-functions/-/helper-member-expression-to-functions-7.29.7.tgz. Extracting by manifest.
850 silly tarball no local data for @babel/generator@https://registry.npmjs.org/@babel/generator/-/generator-7.29.8.tgz. Extracting by manifest.
851 silly tarball no local data for @babel/helper-module-imports@https://registry.npmjs.org/@babel/helper-module-imports/-/helper-module-imports-7.29.7.tgz. Extracting by manifest.
852 silly tarball no local data for @babel/helper-annotate-as-pure@https://registry.npmjs.org/@babel/helper-annotate-as-pure/-/helper-annotate-as-pure-7.29.7.tgz. Extracting by manifest.
853 silly tarball no local data for @babel/helper-compilation-targets@https://registry.npmjs.org/@babel/helper-compilation-targets/-/helper-compilation-targets-7.29.7.tgz. Extracting by manifest.
854 silly tarball no local data for @babel/compat-data@https://registry.npmjs.org/@babel/compat-data/-/compat-data-7.29.7.tgz. Extracting by manifest.
855 silly tarball no local data for @babel/helper-create-class-features-plugin@https://registry.npmjs.org/@babel/helper-create-class-features-plugin/-/helper-create-class-features-plugin-7.29.7.tgz. Extracting by manifest.
856 silly tarball no local data for @babel/code-frame@https://registry.npmjs.org/@babel/code-frame/-/code-frame-7.29.7.tgz. Extracting by manifest.
857 silly tarball no local data for @babel/core@https://registry.npmjs.org/@babel/core/-/core-7.29.7.tgz. Extracting by manifest.
858 silly tarball no local data for @alloc/quick-lru@https://registry.npmjs.org/@alloc/quick-lru/-/quick-lru-5.3.0.tgz. Extracting by manifest.
859 silly tarball no local data for @babel/helper-globals@https://registry.npmjs.org/@babel/helper-globals/-/helper-globals-7.29.7.tgz. Extracting by manifest.
860 silly tarball no local data for powershell-utils@https://registry.npmjs.org/powershell-utils/-/powershell-utils-0.1.0.tgz. Extracting by manifest.
861 silly tarball no local data for content-type@https://registry.npmjs.org/content-type/-/content-type-2.1.0.tgz. Extracting by manifest.
862 silly tarball no local data for strip-ansi@https://registry.npmjs.org/strip-ansi/-/strip-ansi-7.2.0.tgz. Extracting by manifest.
863 silly tarball no local data for is-obj@https://registry.npmjs.org/is-obj/-/is-obj-3.0.0.tgz. Extracting by manifest.
864 silly tarball no local data for undici@https://registry.npmjs.org/undici/-/undici-7.29.1.tgz. Extracting by manifest.
865 silly tarball no local data for onetime@https://registry.npmjs.org/onetime/-/onetime-7.0.0.tgz. Extracting by manifest.
866 silly tarball no local data for ansi-regex@https://registry.npmjs.org/ansi-regex/-/ansi-regex-6.3.0.tgz. Extracting by manifest.
867 silly tarball no local data for reselect@https://registry.npmjs.org/reselect/-/reselect-5.1.1.tgz. Extracting by manifest.
868 silly tarball no local data for kleur@https://registry.npmjs.org/kleur/-/kleur-3.0.3.tgz. Extracting by manifest.
869 silly tarball no local data for strip-ansi@https://registry.npmjs.org/strip-ansi/-/strip-ansi-7.2.0.tgz. Extracting by manifest.
870 silly tarball no local data for ansi-regex@https://registry.npmjs.org/ansi-regex/-/ansi-regex-6.3.0.tgz. Extracting by manifest.
871 silly tarball no local data for mimic-fn@https://registry.npmjs.org/mimic-fn/-/mimic-fn-2.1.0.tgz. Extracting by manifest.
872 silly tarball no local data for path-key@https://registry.npmjs.org/path-key/-/path-key-4.0.0.tgz. Extracting by manifest.
873 silly tarball no local data for sharp@https://registry.npmjs.org/sharp/-/sharp-0.35.4.tgz. Extracting by manifest.
874 silly tarball no local data for postcss@https://registry.npmjs.org/postcss/-/postcss-8.5.23.tgz. Extracting by manifest.
875 silly tarball no local data for @img/sharp-darwin-arm64@https://registry.npmjs.org/@img/sharp-darwin-arm64/-/sharp-darwin-arm64-0.35.4.tgz. Extracting by manifest.
876 silly tarball no local data for content-type@https://registry.npmjs.org/content-type/-/content-type-2.1.0.tgz. Extracting by manifest.
877 silly tarball no local data for semver@https://registry.npmjs.org/semver/-/semver-7.8.5.tgz. Extracting by manifest.
878 silly tarball no local data for picomatch@https://registry.npmjs.org/picomatch/-/picomatch-2.3.2.tgz. Extracting by manifest.
879 silly tarball no local data for which@https://registry.npmjs.org/which/-/which-2.0.2.tgz. Extracting by manifest.
880 silly tarball no local data for isexe@https://registry.npmjs.org/isexe/-/isexe-2.0.0.tgz. Extracting by manifest.
881 silly tarball no local data for json-schema-typed@https://registry.npmjs.org/json-schema-typed/-/json-schema-typed-7.0.3.tgz. Extracting by manifest.
882 silly tarball no local data for ajv-formats@https://registry.npmjs.org/ajv-formats/-/ajv-formats-2.1.1.tgz. Extracting by manifest.
883 silly tarball no local data for content-type@https://registry.npmjs.org/content-type/-/content-type-2.1.0.tgz. Extracting by manifest.
884 silly tarball no local data for is-unicode-supported@https://registry.npmjs.org/is-unicode-supported/-/is-unicode-supported-1.3.0.tgz. Extracting by manifest.
885 silly tarball no local data for semver@https://registry.npmjs.org/semver/-/semver-7.8.5.tgz. Extracting by manifest.
886 silly tarball no local data for immer@https://registry.npmjs.org/immer/-/immer-11.1.18.tgz. Extracting by manifest.
887 silly tarball no local data for open@https://registry.npmjs.org/open/-/open-8.4.2.tgz. Extracting by manifest.
888 silly tarball no local data for strip-final-newline@https://registry.npmjs.org/strip-final-newline/-/strip-final-newline-2.0.0.tgz. Extracting by manifest.
889 silly tarball no local data for @img/sharp-libvips-darwin-arm64@https://registry.npmjs.org/@img/sharp-libvips-darwin-arm64/-/sharp-libvips-darwin-arm64-1.3.3.tgz. Extracting by manifest.
890 silly tarball no local data for signal-exit@https://registry.npmjs.org/signal-exit/-/signal-exit-3.0.7.tgz. Extracting by manifest.
891 silly tarball no local data for is-wsl@https://registry.npmjs.org/is-wsl/-/is-wsl-2.2.0.tgz. Extracting by manifest.
892 silly tarball no local data for npm-run-path@https://registry.npmjs.org/npm-run-path/-/npm-run-path-4.0.1.tgz. Extracting by manifest.
893 silly tarball no local data for is-docker@https://registry.npmjs.org/is-docker/-/is-docker-2.2.1.tgz. Extracting by manifest.
894 silly tarball no local data for human-signals@https://registry.npmjs.org/human-signals/-/human-signals-2.1.0.tgz. Extracting by manifest.
895 silly tarball no local data for execa@https://registry.npmjs.org/execa/-/execa-5.1.1.tgz. Extracting by manifest.
896 silly tarball no local data for commander@https://registry.npmjs.org/commander/-/commander-11.1.0.tgz. Extracting by manifest.
897 silly tarball no local data for get-stream@https://registry.npmjs.org/get-stream/-/get-stream-6.0.1.tgz. Extracting by manifest.
898 silly tarball no local data for define-lazy-prop@https://registry.npmjs.org/define-lazy-prop/-/define-lazy-prop-2.0.0.tgz. Extracting by manifest.
899 silly tarball no local data for is-stream@https://registry.npmjs.org/is-stream/-/is-stream-2.0.1.tgz. Extracting by manifest.
900 http fetch GET 200 https://registry.npmjs.org/vary/-/vary-1.1.2.tgz 304ms (cache miss)
901 http fetch GET 200 https://registry.npmjs.org/yocto-spinner/-/yocto-spinner-1.2.2.tgz 305ms (cache miss)
902 http fetch GET 200 https://registry.npmjs.org/which/-/which-4.0.0.tgz 304ms (cache miss)
903 http fetch GET 200 https://registry.npmjs.org/wrappy/-/wrappy-1.0.2.tgz 304ms (cache miss)
904 http fetch GET 200 https://registry.npmjs.org/util-deprecate/-/util-deprecate-1.0.2.tgz 303ms (cache miss)
905 http fetch GET 200 https://registry.npmjs.org/yoctocolors/-/yoctocolors-2.2.0.tgz 304ms (cache miss)
906 http fetch GET 200 https://registry.npmjs.org/yallist/-/yallist-3.1.1.tgz 305ms (cache miss)
907 http fetch GET 200 https://registry.npmjs.org/wsl-utils/-/wsl-utils-1.0.0.tgz 305ms (cache miss)
908 http fetch GET 200 https://registry.npmjs.org/use-sync-external-store/-/use-sync-external-store-1.6.0.tgz 306ms (cache miss)
909 http fetch GET 200 https://registry.npmjs.org/use-sidecar/-/use-sidecar-1.1.3.tgz 319ms (cache miss)
910 http fetch GET 200 https://registry.npmjs.org/npm 475ms
911 http fetch GET 200 https://registry.npmjs.org/zod-to-json-schema/-/zod-to-json-schema-3.25.2.tgz 366ms (cache miss)
912 http fetch GET 200 https://registry.npmjs.org/victory-vendor/-/victory-vendor-37.3.6.tgz 384ms (cache miss)
913 http fetch GET 200 https://registry.npmjs.org/validate-npm-package-name/-/validate-npm-package-name-7.0.2.tgz 390ms (cache miss)
914 http fetch GET 200 https://registry.npmjs.org/universalify/-/universalify-2.0.1.tgz 391ms (cache miss)
915 http fetch GET 200 https://registry.npmjs.org/update-browserslist-db/-/update-browserslist-db-1.3.2.tgz 391ms (cache miss)
916 http fetch GET 200 https://registry.npmjs.org/unpipe/-/unpipe-1.0.0.tgz 392ms (cache miss)
917 http fetch GET 200 https://registry.npmjs.org/unicorn-magic/-/unicorn-magic-0.3.0.tgz 392ms (cache miss)
918 http fetch GET 200 https://registry.npmjs.org/type-is/-/type-is-2.1.0.tgz 394ms (cache miss)
919 http fetch GET 200 https://registry.npmjs.org/undici-types/-/undici-types-6.21.0.tgz 397ms (cache miss)
920 http fetch GET 200 https://registry.npmjs.org/use-callback-ref/-/use-callback-ref-1.3.3.tgz 401ms (cache miss)
921 http fetch POST 200 https://registry.npmjs.org/-/npm/v1/security/advisories/bulk 458ms
922 silly audit report {
922 silly audit report   undici: [
922 silly audit report     {
922 silly audit report       id: 1130715,
922 silly audit report       url: 'https://github.com/advisories/GHSA-8xcm-r25x-g524',
922 silly audit report       title: 'undici vulnerable to downstream response desynchronization via retry interceptor',
922 silly audit report       severity: 'moderate',
922 silly audit report       vulnerable_versions: '>=7.0.0 <7.29.0',
922 silly audit report       cwe: [Array],
922 silly audit report       cvss: [Object]
922 silly audit report     },
922 silly audit report     {
922 silly audit report       id: 1130718,
922 silly audit report       url: 'https://github.com/advisories/GHSA-4cwx-7wf7-3272',
922 silly audit report       title: 'undici vulnerable to cross-user information disclosure and parse-time crash via degenerate private cache directives',
922 silly audit report       severity: 'high',
922 silly audit report       vulnerable_versions: '>=7.0.0 <7.29.0',
922 silly audit report       cwe: [Array],
922 silly audit report       cvss: [Object]
922 silly audit report     },
922 silly audit report     {
922 silly audit report       id: 1130726,
922 silly audit report       url: 'https://github.com/advisories/GHSA-m8rv-5g2x-5cg5',
922 silly audit report       title: "undici vulnerable to CRLF Injection via blob-like body 'type' property",
922 silly audit report       severity: 'moderate',
922 silly audit report       vulnerable_versions: '>=7.0.0 <7.29.0',
922 silly audit report       cwe: [Array],
922 silly audit report       cvss: [Object]
922 silly audit report     },
922 silly audit report     {
922 silly audit report       id: 1130729,
922 silly audit report       url: 'https://github.com/advisories/GHSA-jr45-8vmc-qm54',
922 silly audit report       title: 'undici vulnerable to cross-user information disclosure via whitespace around equals in Cache-Control directives',
922 silly audit report       severity: 'moderate',
922 silly audit report       vulnerable_versions: '>=7.0.0 <7.29.0',
922 silly audit report       cwe: [Array],
922 silly audit report       cvss: [Object]
922 silly audit report     },
922 silly audit report     {
922 silly audit report       id: 1130731,
922 silly audit report       url: 'https://github.com/advisories/GHSA-v3r7-h72x-cjcm',
922 silly audit report       title: 'undici vulnerable to cookie attribute injection via unsanitized domain and unparsed setCookie fields',
922 silly audit report       severity: 'moderate',
922 silly audit report       vulnerable_versions: '>=7.0.0 <7.29.0',
922 silly audit report       cwe: [Array],
922 silly audit report       cvss: [Object]
922 silly audit report     },
922 silly audit report     {
922 silly audit report       id: 1121187,
922 silly audit report       url: 'https://github.com/advisories/GHSA-vmh5-mc38-953g',
922 silly audit report       title: 'undici vulnerable to TLS certificate validation bypass via dropped requestTls in SOCKS5 ProxyAgent',
922 silly audit report       severity: 'high',
922 silly audit report       vulnerable_versions: '>=7.23.0 <7.28.0',
922 silly audit report       cwe: [Array],
922 silly audit report       cvss: [Object]
922 silly audit report     },
922 silly audit report     {
922 silly audit report       id: 1121241,
922 silly audit report       url: 'https://github.com/advisories/GHSA-p88m-4jfj-68fv',
922 silly audit report       title: 'undici vulnerable to HTTP header injection via Set-Cookie percent-decoding',
922 silly audit report       severity: 'moderate',
922 silly audit report       vulnerable_versions: '>=7.0.0 <7.28.0',
922 silly audit report       cwe: [Array],
922 silly audit report       cvss: [Object]
922 silly audit report     },
922 silly audit report     {
922 silly audit report       id: 1121244,
922 silly audit report       url: 'https://github.com/advisories/GHSA-vxpw-j846-p89q',
922 silly audit report       title: 'undici WebSocket client vulnerable to denial of service via fragment count bypass',
922 silly audit report       severity: 'high',
922 silly audit report       vulnerable_versions: '>=7.0.0 <7.28.0',
922 silly audit report       cwe: [Array],
922 silly audit report       cvss: [Object]
922 silly audit report     },
922 silly audit report     {
922 silly audit report       id: 1121247,
922 silly audit report       url: 'https://github.com/advisories/GHSA-hm92-r4w5-c3mj',
922 silly audit report       title: 'undici vulnerable to cross-origin request routing via SOCKS5 proxy pool reuse',
922 silly audit report       severity: 'high',
922 silly audit report       vulnerable_versions: '>=7.23.0 <7.28.0',
922 silly audit report       cwe: [Array],
922 silly audit report       cvss: [Object]
922 silly audit report     },
922 silly audit report     {
922 silly audit report       id: 1121254,
922 silly audit report       url: 'https://github.com/advisories/GHSA-g8m3-5g58-fq7m',
922 silly audit report       title: 'undici vulnerable to Set-Cookie SameSite attribute downgrade via permissive substring matching',
922 silly audit report       severity: 'low',
922 silly audit report       vulnerable_versions: '>=7.0.0 <7.28.0',
922 silly audit report       cwe: [Array],
922 silly audit report       cvss: [Object]
922 silly audit report     },
922 silly audit report     {
922 silly audit report       id: 1121428,
922 silly audit report       url: 'https://github.com/advisories/GHSA-pr7r-676h-xcf6',
922 silly audit report       title: 'undici vulnerable to cross-user information disclosure via shared cache whitespace bypass',
922 silly audit report       severity: 'moderate',
922 silly audit report       vulnerable_versions: '>=7.0.0 <7.28.0',
922 silly audit report       cwe: [Array],
922 silly audit report       cvss: [Object]
922 silly audit report     },
922 silly audit report     {
922 silly audit report       id: 1137242,
922 silly audit report       url: 'https://github.com/advisories/GHSA-35p6-xmwp-9g52',
922 silly audit report       title: 'undici vulnerable to HTTP response queue poisoning via keep-alive socket reuse',
922 silly audit report       severity: 'low',
922 silly audit report       vulnerable_versions: '>=7.0.0 <7.28.0',
922 silly audit report       cwe: [Array],
922 silly audit report       cvss: [Object]
922 silly audit report     }
922 silly audit report   ]
922 silly audit report }
923 silly packumentCache corgi:https://registry.npmjs.org/undici cache-miss
924 http fetch GET 200 https://registry.npmjs.org/tslib/-/tslib-2.8.1.tgz 425ms (cache miss)
925 http fetch GET 200 https://registry.npmjs.org/tsconfig-paths/-/tsconfig-paths-4.2.0.tgz 455ms (cache miss)
926 http fetch GET 200 https://registry.npmjs.org/tapable/-/tapable-2.3.3.tgz 507ms (cache miss)
927 http fetch GET 200 https://registry.npmjs.org/to-regex-range/-/to-regex-range-5.0.1.tgz 570ms (cache miss)
928 http fetch GET 200 https://registry.npmjs.org/tinypool/-/tinypool-2.1.0.tgz 579ms (cache miss)
929 http fetch GET 200 https://registry.npmjs.org/toidentifier/-/toidentifier-1.0.1.tgz 586ms (cache miss)
930 http fetch GET 200 https://registry.npmjs.org/strip-ansi/-/strip-ansi-6.0.1.tgz 633ms (cache miss)
931 http fetch GET 200 https://registry.npmjs.org/ts-morph/-/ts-morph-26.0.0.tgz 644ms (cache miss)
932 http fetch GET 200 https://registry.npmjs.org/strip-final-newline/-/strip-final-newline-4.0.0.tgz 647ms (cache miss)
933 http fetch GET 200 https://registry.npmjs.org/strip-bom/-/strip-bom-3.0.0.tgz 665ms (cache miss)
934 http fetch GET 200 https://registry.npmjs.org/tailwindcss/-/tailwindcss-4.2.1.tgz 695ms (cache miss)
935 http fetch GET 200 https://registry.npmjs.org/systeminformation/-/systeminformation-5.33.8.tgz 709ms (cache miss)
936 http fetch GET 200 https://registry.npmjs.org/styled-jsx/-/styled-jsx-5.1.6.tgz 714ms (cache miss)
937 http fetch GET 200 https://registry.npmjs.org/tiny-invariant/-/tiny-invariant-1.3.3.tgz 713ms (cache miss)
938 http fetch GET 200 https://registry.npmjs.org/zod/-/zod-3.25.76.tgz 727ms (cache miss)
939 http fetch GET 200 https://registry.npmjs.org/string-width/-/string-width-7.2.0.tgz 733ms (cache miss)
940 http fetch GET 200 https://registry.npmjs.org/stdin-discarder/-/stdin-discarder-0.2.2.tgz 733ms (cache miss)
941 http fetch GET 200 https://registry.npmjs.org/stringify-object/-/stringify-object-5.0.0.tgz 737ms (cache miss)
942 http fetch GET 200 https://registry.npmjs.org/undici/-/undici-7.24.8.tgz 764ms (cache miss)
943 http fetch GET 200 https://registry.npmjs.org/socks/-/socks-2.8.10.tgz 761ms (cache miss)
944 http fetch GET 200 https://registry.npmjs.org/source-map-js/-/source-map-js-1.2.1.tgz 764ms (cache miss)
945 http fetch GET 200 https://registry.npmjs.org/statuses/-/statuses-2.0.2.tgz 775ms (cache miss)
946 http fetch GET 200 https://registry.npmjs.org/side-channel-weakmap/-/side-channel-weakmap-1.0.2.tgz 785ms (cache miss)
947 http fetch GET 200 https://registry.npmjs.org/tailwind-merge/-/tailwind-merge-3.6.0.tgz 790ms (cache miss)
948 http fetch GET 200 https://registry.npmjs.org/side-channel-map/-/side-channel-map-1.0.1.tgz 850ms (cache miss)
949 http fetch GET 200 https://registry.npmjs.org/shebang-command/-/shebang-command-2.0.0.tgz 850ms (cache miss)
950 http fetch GET 200 https://registry.npmjs.org/sisteransi/-/sisteransi-1.0.5.tgz 851ms (cache miss)
951 http fetch GET 200 https://registry.npmjs.org/side-channel/-/side-channel-1.1.1.tgz 852ms (cache miss)
952 http fetch GET 200 https://registry.npmjs.org/side-channel-list/-/side-channel-list-1.0.1.tgz 854ms (cache miss)
953 http fetch GET 200 https://registry.npmjs.org/send/-/send-1.2.1.tgz 853ms (cache miss)
954 http fetch GET 200 https://registry.npmjs.org/smart-buffer/-/smart-buffer-4.2.0.tgz 856ms (cache miss)
955 http fetch GET 200 https://registry.npmjs.org/setprototypeof/-/setprototypeof-1.2.0.tgz 859ms (cache miss)
956 http fetch GET 200 https://registry.npmjs.org/signal-exit/-/signal-exit-4.1.0.tgz 862ms (cache miss)
957 http fetch GET 200 https://registry.npmjs.org/shadcn/-/shadcn-4.18.0.tgz 862ms (cache miss)
958 http fetch GET 200 https://registry.npmjs.org/shebang-regex/-/shebang-regex-3.0.0.tgz 868ms (cache miss)
959 http fetch GET 200 https://registry.npmjs.org/scheduler/-/scheduler-0.27.0.tgz 872ms (cache miss)
960 http fetch GET 200 https://registry.npmjs.org/semver/-/semver-6.3.1.tgz 882ms (cache miss)
961 http fetch GET 200 https://registry.npmjs.org/safer-buffer/-/safer-buffer-2.1.2.tgz 886ms (cache miss)
962 http fetch GET 200 https://registry.npmjs.org/source-map/-/source-map-0.6.1.tgz 891ms (cache miss)
963 http fetch GET 200 https://registry.npmjs.org/restore-cursor/-/restore-cursor-5.1.0.tgz 1036ms (cache miss)
964 http fetch GET 200 https://registry.npmjs.org/resolve-from/-/resolve-from-4.0.0.tgz 1037ms (cache miss)
965 http fetch GET 200 https://registry.npmjs.org/run-applescript/-/run-applescript-7.1.0.tgz 1041ms (cache miss)
966 http fetch GET 200 https://registry.npmjs.org/run-parallel/-/run-parallel-1.2.0.tgz 1041ms (cache miss)
967 http fetch GET 200 https://registry.npmjs.org/serve-static/-/serve-static-2.2.1.tgz 1043ms (cache miss)
968 http fetch GET 200 https://registry.npmjs.org/reusify/-/reusify-1.1.0.tgz 1046ms (cache miss)
969 http fetch GET 200 https://registry.npmjs.org/redux-thunk/-/redux-thunk-3.1.0.tgz 1165ms (cache miss)
970 http fetch GET 200 https://registry.npmjs.org/reselect/-/reselect-5.3.0.tgz 1182ms (cache miss)
971 http fetch GET 200 https://registry.npmjs.org/router/-/router-2.2.0.tgz 1286ms (cache miss)
972 http fetch GET 200 https://registry.npmjs.org/react-style-singleton/-/react-style-singleton-2.2.3.tgz 1288ms (cache miss)
973 http fetch GET 200 https://registry.npmjs.org/redux/-/redux-5.0.1.tgz 1418ms (cache miss)
974 http fetch GET 200 https://registry.npmjs.org/recast/-/recast-0.23.21.tgz 1522ms (cache miss)
975 http fetch GET 200 https://registry.npmjs.org/react-resizable-panels/-/react-resizable-panels-4.5.8.tgz 1552ms (cache miss)
976 http fetch GET 200 https://registry.npmjs.org/require-from-string/-/require-from-string-2.0.2.tgz 1670ms (cache miss)
977 http fetch GET 200 https://registry.npmjs.org/react-remove-scroll-bar/-/react-remove-scroll-bar-2.3.8.tgz 1681ms (cache miss)
978 http fetch GET 200 https://registry.npmjs.org/react-is/-/react-is-19.2.8.tgz 1680ms (cache miss)
979 http fetch GET 200 https://registry.npmjs.org/react-remove-scroll/-/react-remove-scroll-2.7.2.tgz 1687ms (cache miss)
980 http fetch GET 200 https://registry.npmjs.org/react/-/react-19.2.6.tgz 1752ms (cache miss)
981 http fetch GET 200 https://registry.npmjs.org/react-day-picker/-/react-day-picker-9.8.1.tgz 1841ms (cache miss)
982 http fetch GET 200 https://registry.npmjs.org/queue-microtask/-/queue-microtask-1.2.3.tgz 1883ms (cache miss)
983 http fetch GET 200 https://registry.npmjs.org/range-parser/-/range-parser-1.3.0.tgz 2016ms (cache miss)
984 http fetch GET 200 https://registry.npmjs.org/qs/-/qs-6.16.0.tgz 2023ms (cache miss)
985 http fetch GET 200 https://registry.npmjs.org/raw-body/-/raw-body-3.0.2.tgz 2153ms (cache miss)
986 http fetch GET 200 https://registry.npmjs.org/typescript/-/typescript-5.9.3.tgz 2239ms (cache miss)
987 http fetch GET 200 https://registry.npmjs.org/proxy-addr/-/proxy-addr-2.0.7.tgz 2236ms (cache miss)
988 http fetch GET 200 https://registry.npmjs.org/pretty-ms/-/pretty-ms-9.3.1.tgz 2236ms (cache miss)
989 http fetch GET 200 https://registry.npmjs.org/prompts/-/prompts-2.4.2.tgz 2244ms (cache miss)
990 http fetch GET 200 https://registry.npmjs.org/postcss-selector-parser/-/postcss-selector-parser-7.1.6.tgz 2256ms (cache miss)
991 http fetch GET 200 https://registry.npmjs.org/postcss/-/postcss-8.5.28.tgz 2259ms (cache miss)
992 http fetch GET 200 https://registry.npmjs.org/powershell-utils/-/powershell-utils-0.2.1.tgz 2260ms (cache miss)
993 http fetch GET 200 https://registry.npmjs.org/picocolors/-/picocolors-1.1.1.tgz 2262ms (cache miss)
994 http fetch GET 200 https://registry.npmjs.org/pkg-up/-/pkg-up-3.1.0.tgz 2262ms (cache miss)
995 http fetch GET 200 https://registry.npmjs.org/recharts/-/recharts-3.8.0.tgz 2519ms (cache miss)
996 http fetch GET 200 https://registry.npmjs.org/pkce-challenge/-/pkce-challenge-5.0.1.tgz 2710ms (cache miss)
997 http fetch GET 200 https://registry.npmjs.org/picomatch/-/picomatch-4.0.7.tgz 2710ms (cache miss)
998 http fetch GET 200 https://registry.npmjs.org/react-redux/-/react-redux-9.3.0.tgz 2711ms (cache miss)
999 http fetch GET 200 https://registry.npmjs.org/path-to-regexp/-/path-to-regexp-8.4.2.tgz 2719ms (cache miss)
1000 http fetch GET 200 https://registry.npmjs.org/parseurl/-/parseurl-1.3.3.tgz 2720ms (cache miss)
1001 http fetch GET 200 https://registry.npmjs.org/path-exists/-/path-exists-3.0.0.tgz 2720ms (cache miss)
1002 http fetch GET 200 https://registry.npmjs.org/parent-module/-/parent-module-1.0.1.tgz 2721ms (cache miss)
1003 http fetch GET 200 https://registry.npmjs.org/parse-json/-/parse-json-5.2.0.tgz 2721ms (cache miss)
1004 http fetch GET 200 https://registry.npmjs.org/path-key/-/path-key-3.1.1.tgz 2721ms (cache miss)
1005 http fetch GET 200 https://registry.npmjs.org/oxlint-tsgolint/-/oxlint-tsgolint-7.0.2001.tgz 2721ms (cache miss)
1006 http fetch GET 200 https://registry.npmjs.org/parse-ms/-/parse-ms-4.0.0.tgz 2721ms (cache miss)
1007 http fetch GET 200 https://registry.npmjs.org/p-limit/-/p-limit-2.3.0.tgz 2721ms (cache miss)
1008 http fetch GET 200 https://registry.npmjs.org/path-browserify/-/path-browserify-1.0.1.tgz 2722ms (cache miss)
1009 http fetch GET 200 https://registry.npmjs.org/p-locate/-/p-locate-3.0.0.tgz 2742ms (cache miss)
1010 http fetch GET 200 https://registry.npmjs.org/react-dom/-/react-dom-19.2.6.tgz 2879ms (cache miss)
1011 http fetch GET 200 https://registry.npmjs.org/p-try/-/p-try-2.2.0.tgz 2880ms (cache miss)
1012 http fetch GET 200 https://registry.npmjs.org/open/-/open-11.0.2.tgz 3088ms (cache miss)
1013 http fetch GET 200 https://registry.npmjs.org/object-inspect/-/object-inspect-1.13.4.tgz 3091ms (cache miss)
1014 http fetch GET 200 https://registry.npmjs.org/npm-run-path/-/npm-run-path-6.0.0.tgz 3117ms (cache miss)
1015 http fetch GET 200 https://registry.npmjs.org/onetime/-/onetime-5.1.2.tgz 3118ms (cache miss)
1016 http fetch GET 200 https://registry.npmjs.org/object-assign/-/object-assign-4.1.1.tgz 3117ms (cache miss)
1017 http fetch GET 200 https://registry.npmjs.org/once/-/once-1.4.0.tgz 3118ms (cache miss)
1018 http fetch GET 200 https://registry.npmjs.org/on-finished/-/on-finished-2.4.1.tgz 3118ms (cache miss)
1019 http fetch GET 200 https://registry.npmjs.org/ora/-/ora-8.2.0.tgz 3128ms (cache miss)
1020 http fetch GET 200 https://registry.npmjs.org/node-releases/-/node-releases-2.0.54.tgz 3207ms (cache miss)
1021 http fetch GET 200 https://registry.npmjs.org/nanoid/-/nanoid-3.3.18.tgz 3207ms (cache miss)
1022 http fetch GET 200 https://registry.npmjs.org/object-treeify/-/object-treeify-1.1.33.tgz 3309ms (cache miss)
1023 http fetch GET 200 https://registry.npmjs.org/oxlint/-/oxlint-1.76.0.tgz 3310ms (cache miss)
1024 http fetch GET 200 https://registry.npmjs.org/negotiator/-/negotiator-1.1.0.tgz 3309ms (cache miss)
1025 http fetch GET 200 https://registry.npmjs.org/ms/-/ms-2.1.3.tgz 3345ms (cache miss)
1026 http fetch GET 200 https://registry.npmjs.org/mime-db/-/mime-db-1.54.0.tgz 3412ms (cache miss)
1027 http fetch GET 200 https://registry.npmjs.org/minimatch/-/minimatch-10.2.6.tgz 3414ms (cache miss)
1028 http fetch GET 200 https://registry.npmjs.org/mime-types/-/mime-types-3.0.2.tgz 3429ms (cache miss)
1029 http fetch GET 200 https://registry.npmjs.org/mimic-function/-/mimic-function-5.0.1.tgz 3432ms (cache miss)
1030 http fetch GET 200 https://registry.npmjs.org/mimic-fn/-/mimic-fn-3.1.0.tgz 3432ms (cache miss)
1031 http fetch GET 200 https://registry.npmjs.org/minimist/-/minimist-1.2.8.tgz 3433ms (cache miss)
1032 http fetch GET 200 https://registry.npmjs.org/micromatch/-/micromatch-4.0.8.tgz 3439ms (cache miss)
1033 http fetch GET 200 https://registry.npmjs.org/merge-stream/-/merge-stream-2.0.0.tgz 3464ms (cache miss)
1034 http fetch GET 200 https://registry.npmjs.org/merge2/-/merge2-1.4.1.tgz 3466ms (cache miss)
1035 http fetch GET 200 https://registry.npmjs.org/media-typer/-/media-typer-1.1.1.tgz 3683ms (cache miss)
1036 http fetch GET 200 https://registry.npmjs.org/merge-descriptors/-/merge-descriptors-2.0.0.tgz 3683ms (cache miss)
1037 http fetch GET 200 https://registry.npmjs.org/math-intrinsics/-/math-intrinsics-1.1.0.tgz 3719ms (cache miss)
1038 http fetch GET 200 https://registry.npmjs.org/log-symbols/-/log-symbols-6.0.0.tgz 3951ms (cache miss)
1039 http fetch GET 200 https://registry.npmjs.org/magic-string/-/magic-string-0.30.21.tgz 3951ms (cache miss)
1040 http fetch GET 200 https://registry.npmjs.org/lru-cache/-/lru-cache-5.1.1.tgz 4065ms (cache miss)
1041 http fetch GET 200 https://registry.npmjs.org/lines-and-columns/-/lines-and-columns-1.2.4.tgz 4066ms (cache miss)
1042 http fetch GET 200 https://registry.npmjs.org/locate-path/-/locate-path-3.0.0.tgz 4066ms (cache miss)
1043 http fetch GET 200 https://registry.npmjs.org/kleur/-/kleur-4.1.5.tgz 4075ms (cache miss)
1044 http fetch GET 200 https://registry.npmjs.org/json5/-/json5-2.2.3.tgz 4195ms (cache miss)
1045 http fetch GET 200 https://registry.npmjs.org/json-schema-typed/-/json-schema-typed-8.0.2.tgz 4195ms (cache miss)
1046 http fetch GET 200 https://registry.npmjs.org/json-schema-traverse/-/json-schema-traverse-1.0.0.tgz 4245ms (cache miss)
1047 http fetch GET 200 https://registry.npmjs.org/oxfmt/-/oxfmt-0.61.0.tgz 4250ms (cache miss)
1048 http fetch GET 200 https://registry.npmjs.org/json-parse-even-better-errors/-/json-parse-even-better-errors-2.3.1.tgz 4246ms (cache miss)
1049 http fetch GET 200 https://registry.npmjs.org/jsesc/-/jsesc-3.1.0.tgz 4247ms (cache miss)
1050 http fetch GET 200 https://registry.npmjs.org/jsonfile/-/jsonfile-6.2.1.tgz 4395ms (cache miss)
1051 http fetch GET 200 https://registry.npmjs.org/jose/-/jose-6.2.11.tgz 4410ms (cache miss)
1052 http fetch GET 200 https://registry.npmjs.org/js-tokens/-/js-tokens-4.0.0.tgz 4508ms (cache miss)
1053 http fetch GET 200 https://registry.npmjs.org/isexe/-/isexe-3.1.5.tgz 4511ms (cache miss)
1054 http fetch GET 200 https://registry.npmjs.org/js-yaml/-/js-yaml-4.3.2.tgz 4546ms (cache miss)
1055 http fetch GET 200 https://registry.npmjs.org/is-stream/-/is-stream-4.0.1.tgz 4652ms (cache miss)
1056 http fetch GET 200 https://registry.npmjs.org/is-wsl/-/is-wsl-3.1.1.tgz 4652ms (cache miss)
1057 http fetch GET 200 https://registry.npmjs.org/is-regexp/-/is-regexp-3.1.0.tgz 4655ms (cache miss)
1058 http fetch GET 200 https://registry.npmjs.org/is-number/-/is-number-7.0.0.tgz 4654ms (cache miss)
1059 http fetch GET 200 https://registry.npmjs.org/is-unicode-supported/-/is-unicode-supported-2.1.0.tgz 4662ms (cache miss)
1060 http fetch GET 200 https://registry.npmjs.org/is-promise/-/is-promise-4.0.0.tgz 4662ms (cache miss)
1061 http fetch GET 200 https://registry.npmjs.org/is-interactive/-/is-interactive-2.0.0.tgz 4891ms (cache miss)
1062 http fetch GET 200 https://registry.npmjs.org/is-obj/-/is-obj-2.0.0.tgz 4898ms (cache miss)
1063 http fetch GET 200 https://registry.npmjs.org/is-plain-obj/-/is-plain-obj-4.1.0.tgz 5147ms (cache miss)
1064 http fetch GET 200 https://registry.npmjs.org/is-glob/-/is-glob-4.0.3.tgz 5149ms (cache miss)
1065 http fetch GET 200 https://registry.npmjs.org/is-inside-container/-/is-inside-container-1.0.0.tgz 5227ms (cache miss)
1066 http fetch GET 200 https://registry.npmjs.org/is-docker/-/is-docker-3.0.0.tgz 5464ms (cache miss)
1067 http fetch GET 200 https://registry.npmjs.org/is-arrayish/-/is-arrayish-0.2.1.tgz 5467ms (cache miss)
1068 http fetch GET 200 https://registry.npmjs.org/internmap/-/internmap-2.0.3.tgz 5466ms (cache miss)
1069 http fetch GET 200 https://registry.npmjs.org/is-in-ssh/-/is-in-ssh-1.0.0.tgz 5469ms (cache miss)
1070 http fetch GET 200 https://registry.npmjs.org/is-extglob/-/is-extglob-2.1.1.tgz 5475ms (cache miss)
1071 http fetch GET 200 https://registry.npmjs.org/ip-address/-/ip-address-10.7.0.tgz 5474ms (cache miss)
1072 http fetch GET 200 https://registry.npmjs.org/lightningcss/-/lightningcss-1.31.1.tgz 5832ms (cache miss)
1073 http fetch GET 200 https://registry.npmjs.org/input-otp/-/input-otp-1.4.2.tgz 5837ms (cache miss)
1074 http fetch GET 200 https://registry.npmjs.org/inherits/-/inherits-2.0.4.tgz 6089ms (cache miss)
1075 http fetch GET 200 https://registry.npmjs.org/immer/-/immer-10.2.0.tgz 6090ms (cache miss)
1076 http fetch GET 200 https://registry.npmjs.org/import-fresh/-/import-fresh-3.3.1.tgz 6096ms (cache miss)
1077 http fetch GET 200 https://registry.npmjs.org/http-errors/-/http-errors-2.0.1.tgz 6223ms (cache miss)
1078 http fetch GET 200 https://registry.npmjs.org/ignore/-/ignore-5.3.2.tgz 6232ms (cache miss)
1079 http fetch GET 200 https://registry.npmjs.org/hasown/-/hasown-2.0.4.tgz 6307ms (cache miss)
1080 http fetch GET 200 https://registry.npmjs.org/human-signals/-/human-signals-8.0.1.tgz 6333ms (cache miss)
1081 http fetch GET 200 https://registry.npmjs.org/iconv-lite/-/iconv-lite-0.7.3.tgz 6430ms (cache miss)
1082 http fetch GET 200 https://registry.npmjs.org/hono/-/hono-4.13.7.tgz 6447ms (cache miss)
1083 http fetch GET 200 https://registry.npmjs.org/graceful-fs/-/graceful-fs-4.2.11.tgz 6917ms (cache miss)
1084 http fetch GET 200 https://registry.npmjs.org/has-symbols/-/has-symbols-1.1.0.tgz 6918ms (cache miss)
1085 http fetch GET 200 https://registry.npmjs.org/lightningcss-darwin-arm64/-/lightningcss-darwin-arm64-1.31.1.tgz 7068ms (cache miss)
1086 http fetch GET 200 https://registry.npmjs.org/glob-parent/-/glob-parent-5.1.2.tgz 7152ms (cache miss)
1087 http fetch GET 200 https://registry.npmjs.org/gopd/-/gopd-1.2.0.tgz 7152ms (cache miss)
1088 http fetch GET 200 https://registry.npmjs.org/get-stream/-/get-stream-9.0.1.tgz 7156ms (cache miss)
1089 http fetch GET 200 https://registry.npmjs.org/get-proto/-/get-proto-1.0.1.tgz 7279ms (cache miss)
1090 http fetch GET 200 https://registry.npmjs.org/get-nonce/-/get-nonce-1.0.1.tgz 7279ms (cache miss)
1091 http fetch GET 200 https://registry.npmjs.org/get-own-enumerable-keys/-/get-own-enumerable-keys-1.0.0.tgz 7279ms (cache miss)
1092 http fetch GET 200 https://registry.npmjs.org/get-intrinsic/-/get-intrinsic-1.3.0.tgz 7283ms (cache miss)
1093 http fetch GET 200 https://registry.npmjs.org/get-east-asian-width/-/get-east-asian-width-1.6.0.tgz 7283ms (cache miss)
1094 http fetch GET 200 https://registry.npmjs.org/gensync/-/gensync-1.0.0-beta.2.tgz 7283ms (cache miss)
1095 http fetch GET 200 https://registry.npmjs.org/function-bind/-/function-bind-1.1.2.tgz 7516ms (cache miss)
1096 http fetch GET 200 https://registry.npmjs.org/fuzzysort/-/fuzzysort-3.1.0.tgz 7520ms (cache miss)
1097 http fetch GET 200 https://registry.npmjs.org/fs-extra/-/fs-extra-11.4.0.tgz 7522ms (cache miss)
1098 http fetch GET 200 https://registry.npmjs.org/forwarded/-/forwarded-0.2.0.tgz 7524ms (cache miss)
1099 http fetch GET 200 https://registry.npmjs.org/find-up/-/find-up-3.0.0.tgz 7526ms (cache miss)
1100 http fetch GET 200 https://registry.npmjs.org/fresh/-/fresh-2.0.0.tgz 7534ms (cache miss)
1101 http fetch GET 200 https://registry.npmjs.org/fill-range/-/fill-range-7.1.1.tgz 7544ms (cache miss)
1102 http fetch GET 200 https://registry.npmjs.org/figures/-/figures-6.1.0.tgz 7555ms (cache miss)
1103 http fetch GET 200 https://registry.npmjs.org/fdir/-/fdir-6.5.0.tgz 7555ms (cache miss)
1104 http fetch GET 200 https://registry.npmjs.org/finalhandler/-/finalhandler-2.1.1.tgz 7555ms (cache miss)
1105 http fetch GET 200 https://registry.npmjs.org/fastq/-/fastq-1.20.3.tgz 7556ms (cache miss)
1106 http fetch GET 200 https://registry.npmjs.org/fast-uri/-/fast-uri-3.1.7.tgz 7557ms (cache miss)
1107 http fetch GET 200 https://registry.npmjs.org/fast-deep-equal/-/fast-deep-equal-3.1.3.tgz 7666ms (cache miss)
1108 http fetch GET 200 https://registry.npmjs.org/express-rate-limit/-/express-rate-limit-8.7.0.tgz 7748ms (cache miss)
1109 http fetch GET 200 https://registry.npmjs.org/express/-/express-5.2.1.tgz 7763ms (cache miss)
1110 http fetch GET 200 https://registry.npmjs.org/execa/-/execa-9.6.1.tgz 7763ms (cache miss)
1111 http fetch GET 200 https://registry.npmjs.org/eventsource-parser/-/eventsource-parser-3.1.1.tgz 7767ms (cache miss)
1112 http fetch GET 200 https://registry.npmjs.org/fast-glob/-/fast-glob-3.3.3.tgz 7768ms (cache miss)
1113 http fetch GET 200 https://registry.npmjs.org/etag/-/etag-1.8.1.tgz 7772ms (cache miss)
1114 http fetch GET 200 https://registry.npmjs.org/eventsource/-/eventsource-3.0.7.tgz 7772ms (cache miss)
1115 http fetch GET 200 https://registry.npmjs.org/eventemitter3/-/eventemitter3-5.0.4.tgz 7776ms (cache miss)
1116 http fetch GET 200 https://registry.npmjs.org/escape-html/-/escape-html-1.0.3.tgz 7797ms (cache miss)
1117 http fetch GET 200 https://registry.npmjs.org/esprima/-/esprima-4.0.1.tgz 7871ms (cache miss)
1118 http fetch GET 200 https://registry.npmjs.org/escalade/-/escalade-3.2.0.tgz 8004ms (cache miss)
1119 http fetch GET 200 https://registry.npmjs.org/es-errors/-/es-errors-1.3.0.tgz 8024ms (cache miss)
1120 http fetch GET 200 https://registry.npmjs.org/es-object-atoms/-/es-object-atoms-1.1.2.tgz 8024ms (cache miss)
1121 http fetch GET 200 https://registry.npmjs.org/env-paths/-/env-paths-2.2.1.tgz 8029ms (cache miss)
1122 http fetch GET 200 https://registry.npmjs.org/error-ex/-/error-ex-1.3.4.tgz 8029ms (cache miss)
1123 http fetch GET 200 https://registry.npmjs.org/es-define-property/-/es-define-property-1.0.1.tgz 8032ms (cache miss)
1124 http fetch GET 200 https://registry.npmjs.org/embla-carousel-reactive-utils/-/embla-carousel-reactive-utils-8.5.2.tgz 8032ms (cache miss)
1125 http fetch GET 200 https://registry.npmjs.org/encodeurl/-/encodeurl-2.0.0.tgz 8033ms (cache miss)
1126 http fetch GET 200 https://registry.npmjs.org/enquirer/-/enquirer-2.4.1.tgz 8036ms (cache miss)
1127 http fetch GET 200 https://registry.npmjs.org/enhanced-resolve/-/enhanced-resolve-5.24.5.tgz 8105ms (cache miss)
1128 http fetch GET 200 https://registry.npmjs.org/embla-carousel-react/-/embla-carousel-react-8.5.2.tgz 8108ms (cache miss)
1129 http fetch GET 200 https://registry.npmjs.org/jiti/-/jiti-2.7.0.tgz 8142ms (cache miss)
1130 http fetch GET 200 https://registry.npmjs.org/emoji-regex/-/emoji-regex-10.6.0.tgz 8136ms (cache miss)
1131 http fetch GET 200 https://registry.npmjs.org/ee-first/-/ee-first-1.1.1.tgz 8136ms (cache miss)
1132 http fetch GET 200 https://registry.npmjs.org/dot-prop/-/dot-prop-6.0.1.tgz 8143ms (cache miss)
1133 http fetch GET 200 https://registry.npmjs.org/dunder-proto/-/dunder-proto-1.0.1.tgz 8143ms (cache miss)
1134 http fetch GET 200 https://registry.npmjs.org/electron-to-chromium/-/electron-to-chromium-1.5.422.tgz 8144ms (cache miss)
1135 http fetch GET 200 https://registry.npmjs.org/detect-libc/-/detect-libc-2.1.2.tgz 8143ms (cache miss)
1136 http fetch GET 200 https://registry.npmjs.org/dotenv/-/dotenv-17.4.2.tgz 8149ms (cache miss)
1137 http fetch GET 200 https://registry.npmjs.org/detect-node-es/-/detect-node-es-1.1.0.tgz 8149ms (cache miss)
1138 http fetch GET 200 https://registry.npmjs.org/diff/-/diff-8.0.4.tgz 8223ms (cache miss)
1139 http fetch GET 200 https://registry.npmjs.org/es-toolkit/-/es-toolkit-1.52.0.tgz 8232ms (cache miss)
1140 http fetch GET 200 https://registry.npmjs.org/embla-carousel/-/embla-carousel-8.5.2.tgz 8240ms (cache miss)
1141 http fetch GET 200 https://registry.npmjs.org/define-lazy-prop/-/define-lazy-prop-3.0.0.tgz 8243ms (cache miss)
1142 http fetch GET 200 https://registry.npmjs.org/default-browser-id/-/default-browser-id-5.0.1.tgz 8249ms (cache miss)
1143 http fetch GET 200 https://registry.npmjs.org/default-browser/-/default-browser-5.5.1.tgz 8256ms (cache miss)
1144 http fetch GET 200 https://registry.npmjs.org/debug/-/debug-4.4.3.tgz 8256ms (cache miss)
1145 http fetch GET 200 https://registry.npmjs.org/dedent/-/dedent-1.7.2.tgz 8257ms (cache miss)
1146 http fetch GET 200 https://registry.npmjs.org/deepmerge/-/deepmerge-4.3.1.tgz 8266ms (cache miss)
1147 http fetch GET 200 https://registry.npmjs.org/debounce-fn/-/debounce-fn-4.0.0.tgz 8265ms (cache miss)
1148 http fetch GET 200 https://registry.npmjs.org/decimal.js-light/-/decimal.js-light-2.5.1.tgz 8265ms (cache miss)
1149 http fetch GET 200 https://registry.npmjs.org/depd/-/depd-2.0.0.tgz 8268ms (cache miss)
1150 http fetch GET 200 https://registry.npmjs.org/d3-timer/-/d3-timer-3.0.1.tgz 8268ms (cache miss)
1151 http fetch GET 200 https://registry.npmjs.org/d3-time/-/d3-time-3.1.0.tgz 8373ms (cache miss)
1152 http fetch GET 200 https://registry.npmjs.org/d3-time-format/-/d3-time-format-4.1.0.tgz 8395ms (cache miss)
1153 http fetch GET 200 https://registry.npmjs.org/d3-shape/-/d3-shape-3.2.0.tgz 8413ms (cache miss)
1154 http fetch GET 200 https://registry.npmjs.org/d3-path/-/d3-path-3.1.0.tgz 8598ms (cache miss)
1155 http fetch GET 200 https://registry.npmjs.org/d3-interpolate/-/d3-interpolate-3.0.1.tgz 8599ms (cache miss)
1156 http fetch GET 200 https://registry.npmjs.org/d3-scale/-/d3-scale-4.0.2.tgz 8601ms (cache miss)
1157 http fetch GET 200 https://registry.npmjs.org/d3-color/-/d3-color-3.1.0.tgz 8731ms (cache miss)
1158 http fetch GET 200 https://registry.npmjs.org/d3-ease/-/d3-ease-3.0.1.tgz 8734ms (cache miss)
1159 http fetch GET 200 https://registry.npmjs.org/d3-array/-/d3-array-3.2.4.tgz 8745ms (cache miss)
1160 http fetch GET 200 https://registry.npmjs.org/d3-format/-/d3-format-3.1.2.tgz 8748ms (cache miss)
1161 http fetch GET 200 https://registry.npmjs.org/cssesc/-/cssesc-3.0.0.tgz 8841ms (cache miss)
1162 http fetch GET 200 https://registry.npmjs.org/cookie-signature/-/cookie-signature-1.2.2.tgz 8845ms (cache miss)
1163 http fetch GET 200 https://registry.npmjs.org/cosmiconfig/-/cosmiconfig-9.0.2.tgz 8847ms (cache miss)
1164 http fetch GET 200 https://registry.npmjs.org/date-fns-jalali/-/date-fns-jalali-4.1.0-0.tgz 8880ms (cache miss)
1165 http fetch GET 200 https://registry.npmjs.org/cross-spawn/-/cross-spawn-7.0.6.tgz 8971ms (cache miss)
1166 http fetch GET 200 https://registry.npmjs.org/cookie/-/cookie-0.7.2.tgz 8972ms (cache miss)
1167 http fetch GET 200 https://registry.npmjs.org/convert-source-map/-/convert-source-map-2.0.0.tgz 8971ms (cache miss)
1168 http fetch GET 200 https://registry.npmjs.org/content-type/-/content-type-1.0.5.tgz 8974ms (cache miss)
1169 http fetch GET 200 https://registry.npmjs.org/conf/-/conf-10.2.0.tgz 8981ms (cache miss)
1170 http fetch GET 200 https://registry.npmjs.org/content-disposition/-/content-disposition-1.1.0.tgz 8985ms (cache miss)
1171 http fetch GET 200 https://registry.npmjs.org/code-block-writer/-/code-block-writer-13.0.3.tgz 8986ms (cache miss)
1172 http fetch GET 200 https://registry.npmjs.org/ipaddr.js/-/ipaddr.js-1.9.1.tgz 9067ms (cache miss)
1173 http fetch GET 200 https://registry.npmjs.org/commander/-/commander-14.0.3.tgz 9100ms (cache miss)
1174 http fetch GET 200 https://registry.npmjs.org/clsx/-/clsx-2.1.1.tgz 9101ms (cache miss)
1175 http fetch GET 200 https://registry.npmjs.org/cmdk/-/cmdk-1.1.1.tgz 9102ms (cache miss)
1176 http fetch GET 200 https://registry.npmjs.org/chalk/-/chalk-5.6.2.tgz 9196ms (cache miss)
1177 http fetch GET 200 https://registry.npmjs.org/cli-spinners/-/cli-spinners-2.9.2.tgz 9197ms (cache miss)
1178 http fetch GET 200 https://registry.npmjs.org/client-only/-/client-only-0.0.1.tgz 9197ms (cache miss)
1179 http fetch GET 200 https://registry.npmjs.org/cli-cursor/-/cli-cursor-5.0.0.tgz 9197ms (cache miss)
1180 http fetch GET 200 https://registry.npmjs.org/class-variance-authority/-/class-variance-authority-0.7.1.tgz 9204ms (cache miss)
1181 http fetch GET 200 https://registry.npmjs.org/callsites/-/callsites-3.1.0.tgz 9210ms (cache miss)
1182 http fetch GET 200 https://registry.npmjs.org/cors/-/cors-2.8.6.tgz 9300ms (cache miss)
1183 http fetch GET 200 https://registry.npmjs.org/bundle-name/-/bundle-name-4.1.0.tgz 9306ms (cache miss)
1184 http fetch GET 200 https://registry.npmjs.org/call-bound/-/call-bound-1.0.4.tgz 9316ms (cache miss)
1185 http fetch GET 200 https://registry.npmjs.org/call-bind-apply-helpers/-/call-bind-apply-helpers-1.0.2.tgz 9318ms (cache miss)
1186 http fetch GET 200 https://registry.npmjs.org/lucide-react/-/lucide-react-1.31.0.tgz 9350ms (cache miss)
1187 http fetch GET 200 https://registry.npmjs.org/bytes/-/bytes-3.1.2.tgz 9341ms (cache miss)
1188 http fetch GET 200 https://registry.npmjs.org/browserslist/-/browserslist-4.28.9.tgz 9347ms (cache miss)
1189 http fetch GET 200 https://registry.npmjs.org/brace-expansion/-/brace-expansion-5.0.9.tgz 9346ms (cache miss)
1190 http fetch GET 200 https://registry.npmjs.org/balanced-match/-/balanced-match-4.0.4.tgz 9351ms (cache miss)
1191 http fetch GET 200 https://registry.npmjs.org/braces/-/braces-3.0.3.tgz 9352ms (cache miss)
1192 http fetch GET 200 https://registry.npmjs.org/baseline-browser-mapping/-/baseline-browser-mapping-2.11.21.tgz 9426ms (cache miss)
1193 http fetch GET 200 https://registry.npmjs.org/csstype/-/csstype-3.2.3.tgz 9549ms (cache miss)
1194 http fetch GET 200 https://registry.npmjs.org/ansi-regex/-/ansi-regex-5.0.1.tgz 9546ms (cache miss)
1195 http fetch GET 200 https://registry.npmjs.org/aria-hidden/-/aria-hidden-1.2.6.tgz 9546ms (cache miss)
1196 http fetch GET 200 https://registry.npmjs.org/ast-types/-/ast-types-0.16.3.tgz 9548ms (cache miss)
1197 http fetch GET 200 https://registry.npmjs.org/ansi-colors/-/ansi-colors-4.1.3.tgz 9548ms (cache miss)
1198 http fetch GET 200 https://registry.npmjs.org/ajv-formats/-/ajv-formats-3.0.1.tgz 9558ms (cache miss)
1199 http fetch GET 200 https://registry.npmjs.org/accepts/-/accepts-2.0.0.tgz 9560ms (cache miss)
1200 http fetch GET 200 https://registry.npmjs.org/atomically/-/atomically-1.7.0.tgz 9566ms (cache miss)
1201 http fetch GET 200 https://registry.npmjs.org/argparse/-/argparse-2.0.1.tgz 9588ms (cache miss)
1202 http fetch GET 200 https://registry.npmjs.org/body-parser/-/body-parser-2.3.0.tgz 9595ms (cache miss)
1203 http fetch GET 200 https://registry.npmjs.org/@types/d3-timer/-/d3-timer-3.0.2.tgz 9674ms (cache miss)
1204 http fetch GET 200 https://registry.npmjs.org/@types/d3-shape/-/d3-shape-3.2.0.tgz 9682ms (cache miss)
1205 http fetch GET 200 https://registry.npmjs.org/@types/validate-npm-package-name/-/validate-npm-package-name-4.0.2.tgz 9686ms (cache miss)
1206 http fetch GET 200 https://registry.npmjs.org/@types/react-dom/-/react-dom-19.2.3.tgz 9687ms (cache miss)
1207 http fetch GET 200 https://registry.npmjs.org/@types/d3-scale/-/d3-scale-4.0.9.tgz 9688ms (cache miss)
1208 http fetch GET 200 https://registry.npmjs.org/@types/d3-path/-/d3-path-3.1.1.tgz 9693ms (cache miss)
1209 http fetch GET 200 https://registry.npmjs.org/ajv/-/ajv-8.20.0.tgz 9696ms (cache miss)
1210 http fetch GET 200 https://registry.npmjs.org/@vercel/speed-insights/-/speed-insights-2.0.0.tgz 9787ms (cache miss)
1211 http fetch GET 200 https://registry.npmjs.org/@types/d3-time/-/d3-time-3.0.4.tgz 9792ms (cache miss)
1212 http fetch GET 200 https://registry.npmjs.org/@types/d3-interpolate/-/d3-interpolate-3.0.4.tgz 9793ms (cache miss)
1213 http fetch GET 200 https://registry.npmjs.org/@types/d3-ease/-/d3-ease-3.0.2.tgz 9794ms (cache miss)
1214 http fetch GET 200 https://registry.npmjs.org/@types/d3-array/-/d3-array-3.2.2.tgz 9794ms (cache miss)
1215 http fetch GET 200 https://registry.npmjs.org/@types/use-sync-external-store/-/use-sync-external-store-0.0.6.tgz 10063ms (cache miss)
1216 http fetch GET 200 https://registry.npmjs.org/@types/node/-/node-22.19.19.tgz 10065ms (cache miss)
1217 http fetch GET 200 https://registry.npmjs.org/@types/react/-/react-19.2.14.tgz 10146ms (cache miss)
1218 http fetch GET 200 https://registry.npmjs.org/@vercel/analytics/-/analytics-2.0.1.tgz 10164ms (cache miss)
1219 http fetch GET 200 https://registry.npmjs.org/@tailwindcss/node/-/node-4.2.1.tgz 10176ms (cache miss)
1220 http fetch GET 200 https://registry.npmjs.org/@tailwindcss/oxide/-/oxide-4.2.1.tgz 10181ms (cache miss)
1221 http fetch GET 200 https://registry.npmjs.org/@types/d3-color/-/d3-color-3.1.3.tgz 10185ms (cache miss)
1222 http fetch GET 200 https://registry.npmjs.org/@sec-ant/readable-stream/-/readable-stream-0.4.1.tgz 10282ms (cache miss)
1223 http fetch GET 200 https://registry.npmjs.org/@swc/helpers/-/helpers-0.5.23.tgz 10319ms (cache miss)
1224 http fetch GET 200 https://registry.npmjs.org/@tailwindcss/postcss/-/postcss-4.2.1.tgz 10528ms (cache miss)
1225 http fetch GET 200 https://registry.npmjs.org/@standard-schema/spec/-/spec-1.1.0.tgz 10625ms (cache miss)
1226 http fetch GET 200 https://registry.npmjs.org/@standard-schema/utils/-/utils-0.3.0.tgz 10625ms (cache miss)
1227 http fetch GET 200 https://registry.npmjs.org/caniuse-lite/-/caniuse-lite-1.0.30001810.tgz 10640ms (cache miss)
1228 http fetch GET 200 https://registry.npmjs.org/@sindresorhus/merge-streams/-/merge-streams-4.0.0.tgz 10873ms (cache miss)
1229 http fetch GET 200 https://registry.npmjs.org/@radix-ui/react-use-layout-effect/-/react-use-layout-effect-1.1.4.tgz 10873ms (cache miss)
1230 http fetch GET 200 https://registry.npmjs.org/@ts-morph/common/-/common-0.27.0.tgz 10994ms (cache miss)
1231 http fetch GET 200 https://registry.npmjs.org/@tailwindcss/oxide-darwin-arm64/-/oxide-darwin-arm64-4.2.1.tgz 11011ms (cache miss)
1232 http fetch GET 200 https://registry.npmjs.org/@radix-ui/react-slot/-/react-slot-1.3.3.tgz 11011ms (cache miss)
1233 http fetch GET 200 https://registry.npmjs.org/@radix-ui/react-use-callback-ref/-/react-use-callback-ref-1.1.4.tgz 11014ms (cache miss)
1234 http fetch GET 200 https://registry.npmjs.org/@radix-ui/react-use-effect-event/-/react-use-effect-event-0.0.5.tgz 11015ms (cache miss)
1235 http fetch GET 200 https://registry.npmjs.org/@radix-ui/react-use-controllable-state/-/react-use-controllable-state-1.2.6.tgz 11020ms (cache miss)
1236 http fetch GET 200 https://registry.npmjs.org/@radix-ui/react-primitive/-/react-primitive-2.1.10.tgz 11020ms (cache miss)
1237 http fetch GET 200 https://registry.npmjs.org/@radix-ui/react-focus-guards/-/react-focus-guards-1.1.6.tgz 11040ms (cache miss)
1238 http fetch GET 200 https://registry.npmjs.org/@radix-ui/react-portal/-/react-portal-1.1.17.tgz 11040ms (cache miss)
1239 http fetch GET 200 https://registry.npmjs.org/@radix-ui/react-focus-scope/-/react-focus-scope-1.1.16.tgz 11040ms (cache miss)
1240 http fetch GET 200 https://registry.npmjs.org/@shadcn/react/-/react-0.3.0.tgz 11041ms (cache miss)
1241 http fetch GET 200 https://registry.npmjs.org/@radix-ui/react-dismissable-layer/-/react-dismissable-layer-1.1.19.tgz 11042ms (cache miss)
1242 http fetch GET 200 https://registry.npmjs.org/@radix-ui/react-dialog/-/react-dialog-1.1.23.tgz 11116ms (cache miss)
1243 http fetch GET 200 https://registry.npmjs.org/@radix-ui/react-id/-/react-id-1.1.4.tgz 11131ms (cache miss)
1244 http fetch GET 200 https://registry.npmjs.org/@radix-ui/primitive/-/primitive-1.1.7.tgz 11132ms (cache miss)
1245 http fetch GET 200 https://registry.npmjs.org/@radix-ui/react-compose-refs/-/react-compose-refs-1.1.5.tgz 11134ms (cache miss)
1246 http fetch GET 200 https://registry.npmjs.org/@nodelib/fs.stat/-/fs.stat-2.0.5.tgz 11135ms (cache miss)
1247 http fetch GET 200 https://registry.npmjs.org/@nodelib/fs.walk/-/fs.walk-1.2.8.tgz 11137ms (cache miss)
1248 http fetch GET 200 https://registry.npmjs.org/@radix-ui/react-context/-/react-context-1.2.2.tgz 11137ms (cache miss)
1249 http fetch GET 200 https://registry.npmjs.org/@jridgewell/remapping/-/remapping-2.3.5.tgz 11718ms (cache miss)
1250 http fetch GET 200 https://registry.npmjs.org/@nodelib/fs.scandir/-/fs.scandir-2.1.5.tgz 11722ms (cache miss)
1251 http fetch GET 200 https://registry.npmjs.org/@jridgewell/trace-mapping/-/trace-mapping-0.3.31.tgz 11723ms (cache miss)
1252 http fetch GET 200 https://registry.npmjs.org/@next/env/-/env-16.3.4.tgz 11735ms (cache miss)
1253 http fetch GET 200 https://registry.npmjs.org/@jridgewell/resolve-uri/-/resolve-uri-3.1.2.tgz 11735ms (cache miss)
1254 http fetch GET 200 https://registry.npmjs.org/@radix-ui/react-presence/-/react-presence-1.1.10.tgz 11797ms (cache miss)
1255 http fetch GET 200 https://registry.npmjs.org/@jridgewell/sourcemap-codec/-/sourcemap-codec-1.6.0.tgz 11928ms (cache miss)
1256 http fetch GET 200 https://registry.npmjs.org/@modelcontextprotocol/sdk/-/sdk-1.30.0.tgz 12134ms (cache miss)
1257 http fetch GET 200 https://registry.npmjs.org/@img/colour/-/colour-1.1.0.tgz 12188ms (cache miss)
1258 http fetch GET 200 https://registry.npmjs.org/@floating-ui/utils/-/utils-0.2.12.tgz 12224ms (cache miss)
1259 http fetch GET 200 https://registry.npmjs.org/@hono/node-server/-/node-server-2.1.1.tgz 12232ms (cache miss)
1260 http fetch GET 200 https://registry.npmjs.org/@date-fns/tz/-/tz-1.5.0.tgz 12323ms (cache miss)
1261 http fetch GET 200 https://registry.npmjs.org/@floating-ui/react-dom/-/react-dom-2.1.9.tgz 12576ms (cache miss)
1262 http fetch GET 200 https://registry.npmjs.org/@jridgewell/gen-mapping/-/gen-mapping-0.3.13.tgz 12588ms (cache miss)
1263 http fetch GET 200 https://registry.npmjs.org/@dotenvx/dotenvx/-/dotenvx-1.75.1.tgz 12634ms (cache miss)
1264 http fetch GET 200 https://registry.npmjs.org/@dotenvx/primitives/-/primitives-0.8.0.tgz 12830ms (cache miss)
1265 http fetch GET 200 https://registry.npmjs.org/@floating-ui/core/-/core-1.8.0.tgz 12871ms (cache miss)
1266 http fetch GET 200 https://registry.npmjs.org/@babel/types/-/types-7.29.8.tgz 12966ms (cache miss)
1267 http fetch GET 200 https://registry.npmjs.org/@base-ui/utils/-/utils-0.3.2.tgz 13526ms (cache miss)
1268 http fetch GET 200 https://registry.npmjs.org/@babel/runtime/-/runtime-7.29.7.tgz 13641ms (cache miss)
1269 http fetch GET 200 https://registry.npmjs.org/@babel/template/-/template-7.29.7.tgz 13656ms (cache miss)
1270 http fetch GET 200 https://registry.npmjs.org/@floating-ui/dom/-/dom-1.8.0.tgz 13758ms (cache miss)
1271 http fetch GET 200 https://registry.npmjs.org/@babel/preset-typescript/-/preset-typescript-7.29.7.tgz 13852ms (cache miss)
1272 http fetch GET 200 https://registry.npmjs.org/@babel/plugin-transform-typescript/-/plugin-transform-typescript-7.29.7.tgz 13869ms (cache miss)
1273 http fetch GET 200 https://registry.npmjs.org/@babel/plugin-transform-modules-commonjs/-/plugin-transform-modules-commonjs-7.29.7.tgz 13888ms (cache miss)
1274 http fetch GET 200 https://registry.npmjs.org/@babel/plugin-syntax-typescript/-/plugin-syntax-typescript-7.29.7.tgz 14018ms (cache miss)
1275 http fetch GET 200 https://registry.npmjs.org/@babel/plugin-syntax-jsx/-/plugin-syntax-jsx-7.29.7.tgz 14063ms (cache miss)
1276 http fetch GET 200 https://registry.npmjs.org/@babel/helper-validator-option/-/helper-validator-option-7.29.7.tgz 14079ms (cache miss)
1277 http fetch GET 200 https://registry.npmjs.org/@babel/helpers/-/helpers-7.29.7.tgz 14199ms (cache miss)
1278 http fetch GET 200 https://registry.npmjs.org/@babel/helper-string-parser/-/helper-string-parser-7.29.7.tgz 14267ms (cache miss)
1279 http fetch GET 200 https://registry.npmjs.org/@babel/helper-plugin-utils/-/helper-plugin-utils-7.29.7.tgz 14393ms (cache miss)
1280 http fetch GET 200 https://registry.npmjs.org/@babel/helper-validator-identifier/-/helper-validator-identifier-7.29.7.tgz 14408ms (cache miss)
1281 http fetch GET 200 https://registry.npmjs.org/@babel/helper-skip-transparent-expression-wrappers/-/helper-skip-transparent-expression-wrappers-7.29.7.tgz 14467ms (cache miss)
1282 http fetch GET 200 https://registry.npmjs.org/@babel/helper-module-transforms/-/helper-module-transforms-7.29.7.tgz 14490ms (cache miss)
1283 http fetch GET 200 https://registry.npmjs.org/@babel/helper-optimise-call-expression/-/helper-optimise-call-expression-7.29.7.tgz 14579ms (cache miss)
1284 http fetch GET 200 https://registry.npmjs.org/@babel/helper-replace-supers/-/helper-replace-supers-7.29.7.tgz 14581ms (cache miss)
1285 http fetch GET 200 https://registry.npmjs.org/@babel/helper-member-expression-to-functions/-/helper-member-expression-to-functions-7.29.7.tgz 14591ms (cache miss)
1286 http fetch GET 200 https://registry.npmjs.org/@babel/generator/-/generator-7.29.8.tgz 14649ms (cache miss)
1287 http fetch GET 200 https://registry.npmjs.org/@babel/helper-module-imports/-/helper-module-imports-7.29.7.tgz 14651ms (cache miss)
1288 http fetch GET 200 https://registry.npmjs.org/@babel/helper-annotate-as-pure/-/helper-annotate-as-pure-7.29.7.tgz 14692ms (cache miss)
1289 http fetch GET 200 https://registry.npmjs.org/@babel/helper-compilation-targets/-/helper-compilation-targets-7.29.7.tgz 14715ms (cache miss)
1290 http fetch GET 200 https://registry.npmjs.org/@babel/compat-data/-/compat-data-7.29.7.tgz 14716ms (cache miss)
1291 http fetch GET 200 https://registry.npmjs.org/@babel/code-frame/-/code-frame-7.29.7.tgz 14750ms (cache miss)
1292 http fetch GET 200 https://registry.npmjs.org/@babel/traverse/-/traverse-7.29.8.tgz 14800ms (cache miss)
1293 http fetch GET 200 https://registry.npmjs.org/@babel/core/-/core-7.29.7.tgz 14835ms (cache miss)
1294 http fetch GET 200 https://registry.npmjs.org/@babel/helper-globals/-/helper-globals-7.29.7.tgz 14849ms (cache miss)
1295 http fetch GET 200 https://registry.npmjs.org/powershell-utils/-/powershell-utils-0.1.0.tgz 14887ms (cache miss)
1296 http fetch GET 200 https://registry.npmjs.org/@alloc/quick-lru/-/quick-lru-5.3.0.tgz 14887ms (cache miss)
1297 http fetch GET 200 https://registry.npmjs.org/@babel/parser/-/parser-7.29.8.tgz 14949ms (cache miss)
1298 http fetch GET 200 https://registry.npmjs.org/@oxlint/binding-darwin-arm64/-/binding-darwin-arm64-1.76.0.tgz 14982ms (cache miss)
1299 http fetch GET 200 https://registry.npmjs.org/content-type/-/content-type-2.1.0.tgz 14986ms (cache miss)
1300 http fetch GET 200 https://registry.npmjs.org/is-obj/-/is-obj-3.0.0.tgz 15046ms (cache miss)
1301 http fetch GET 200 https://registry.npmjs.org/@babel/helper-create-class-features-plugin/-/helper-create-class-features-plugin-7.29.7.tgz 15090ms (cache miss)
1302 http fetch GET 200 https://registry.npmjs.org/strip-ansi/-/strip-ansi-7.2.0.tgz 15269ms (cache miss)
1303 http fetch GET 200 https://registry.npmjs.org/date-fns/-/date-fns-4.1.0.tgz 15334ms (cache miss)
1304 http fetch GET 200 https://registry.npmjs.org/onetime/-/onetime-7.0.0.tgz 15337ms (cache miss)
1305 http fetch GET 200 https://registry.npmjs.org/ansi-regex/-/ansi-regex-6.3.0.tgz 15366ms (cache miss)
1306 http fetch GET 200 https://registry.npmjs.org/kleur/-/kleur-3.0.3.tgz 15385ms (cache miss)
1307 http fetch GET 200 https://registry.npmjs.org/reselect/-/reselect-5.1.1.tgz 15425ms (cache miss)
1308 http fetch GET 200 https://registry.npmjs.org/strip-ansi/-/strip-ansi-7.2.0.tgz 15455ms (cache miss)
1309 http fetch GET 200 https://registry.npmjs.org/ansi-regex/-/ansi-regex-6.3.0.tgz 15459ms (cache miss)
1310 http fetch GET 200 https://registry.npmjs.org/mimic-fn/-/mimic-fn-2.1.0.tgz 15589ms (cache miss)
1311 http fetch GET 200 https://registry.npmjs.org/path-key/-/path-key-4.0.0.tgz 15611ms (cache miss)
1312 http fetch GET 200 https://registry.npmjs.org/content-type/-/content-type-2.1.0.tgz 15694ms (cache miss)
1313 http fetch GET 200 https://registry.npmjs.org/postcss/-/postcss-8.5.23.tgz 15695ms (cache miss)
1314 http fetch GET 200 https://registry.npmjs.org/semver/-/semver-7.8.5.tgz 15704ms (cache miss)
1315 http fetch GET 200 https://registry.npmjs.org/picomatch/-/picomatch-2.3.2.tgz 15712ms (cache miss)
1316 http fetch GET 200 https://registry.npmjs.org/@img/sharp-darwin-arm64/-/sharp-darwin-arm64-0.35.4.tgz 15769ms (cache miss)
1317 http fetch GET 200 https://registry.npmjs.org/which/-/which-2.0.2.tgz 15782ms (cache miss)
1318 http fetch GET 200 https://registry.npmjs.org/isexe/-/isexe-2.0.0.tgz 15792ms (cache miss)
1319 http fetch GET 200 https://registry.npmjs.org/json-schema-typed/-/json-schema-typed-7.0.3.tgz 15806ms (cache miss)
1320 http fetch GET 200 https://registry.npmjs.org/ajv-formats/-/ajv-formats-2.1.1.tgz 15811ms (cache miss)
1321 http fetch GET 200 https://registry.npmjs.org/is-unicode-supported/-/is-unicode-supported-1.3.0.tgz 15814ms (cache miss)
1322 http fetch GET 200 https://registry.npmjs.org/content-type/-/content-type-2.1.0.tgz 15815ms (cache miss)
1323 http fetch GET 200 https://registry.npmjs.org/semver/-/semver-7.8.5.tgz 15846ms (cache miss)
1324 http fetch GET 200 https://registry.npmjs.org/immer/-/immer-11.1.18.tgz 15891ms (cache miss)
1325 http fetch GET 200 https://registry.npmjs.org/open/-/open-8.4.2.tgz 15899ms (cache miss)
1326 http fetch GET 200 https://registry.npmjs.org/strip-final-newline/-/strip-final-newline-2.0.0.tgz 15908ms (cache miss)
1327 http fetch GET 200 https://registry.npmjs.org/signal-exit/-/signal-exit-3.0.7.tgz 15920ms (cache miss)
1328 http fetch GET 200 https://registry.npmjs.org/is-wsl/-/is-wsl-2.2.0.tgz 15920ms (cache miss)
1329 http fetch GET 200 https://registry.npmjs.org/npm-run-path/-/npm-run-path-4.0.1.tgz 15945ms (cache miss)
1330 http fetch GET 200 https://registry.npmjs.org/human-signals/-/human-signals-2.1.0.tgz 15985ms (cache miss)
1331 http fetch GET 200 https://registry.npmjs.org/is-docker/-/is-docker-2.2.1.tgz 15991ms (cache miss)
1332 http fetch GET 200 https://registry.npmjs.org/execa/-/execa-5.1.1.tgz 15996ms (cache miss)
1333 http fetch GET 200 https://registry.npmjs.org/undici/-/undici-7.29.1.tgz 16073ms (cache miss)
1334 http fetch GET 200 https://registry.npmjs.org/get-stream/-/get-stream-6.0.1.tgz 16086ms (cache miss)
1335 http fetch GET 200 https://registry.npmjs.org/commander/-/commander-11.1.0.tgz 16088ms (cache miss)
1336 http fetch GET 200 https://registry.npmjs.org/define-lazy-prop/-/define-lazy-prop-2.0.0.tgz 16088ms (cache miss)
1337 http fetch GET 200 https://registry.npmjs.org/is-stream/-/is-stream-2.0.1.tgz 16121ms (cache miss)
1338 http fetch GET 200 https://registry.npmjs.org/undici 15826ms (cache miss)
1339 silly packumentCache corgi:https://registry.npmjs.org/undici set size:undefined disposed:false
1340 silly packumentCache corgi:https://registry.npmjs.org/@dotenvx%2fdotenvx cache-miss
1341 http fetch GET 200 https://registry.npmjs.org/sharp/-/sharp-0.35.4.tgz 16385ms (cache miss)
1342 http fetch GET 200 https://registry.npmjs.org/@dotenvx%2fdotenvx 281ms (cache miss)
1343 silly packumentCache corgi:https://registry.npmjs.org/@dotenvx%2fdotenvx set size:undefined disposed:false
1344 http fetch GET 200 https://registry.npmjs.org/@reduxjs/toolkit/-/toolkit-2.12.0.tgz 17692ms (cache miss)
1345 http fetch GET 200 https://registry.npmjs.org/@oxlint-tsgolint/darwin-arm64/-/darwin-arm64-7.0.2001.tgz 18365ms (cache miss)
1346 http fetch GET 200 https://registry.npmjs.org/@base-ui/react/-/react-1.7.0.tgz 18450ms (cache miss)
1347 http fetch GET 200 https://registry.npmjs.org/@oxfmt/binding-darwin-arm64/-/binding-darwin-arm64-0.61.0.tgz 19454ms (cache miss)
1348 http fetch GET 200 https://registry.npmjs.org/@img/sharp-libvips-darwin-arm64/-/sharp-libvips-darwin-arm64-1.3.3.tgz 23405ms (cache miss)
1349 http fetch GET 200 https://registry.npmjs.org/next/-/next-16.3.4.tgz 32662ms (cache miss)
1350 http fetch GET 200 https://registry.npmjs.org/@next/swc-darwin-arm64/-/swc-darwin-arm64-16.3.4.tgz 33052ms (cache miss)
1351 silly ADD node_modules/zod-to-json-schema
1352 silly ADD node_modules/zod
1353 silly ADD node_modules/yoctocolors
1354 silly ADD node_modules/yocto-spinner
1355 silly ADD node_modules/yallist
1356 silly ADD node_modules/wsl-utils
1357 silly ADD node_modules/wsl-utils/node_modules/powershell-utils
1358 silly ADD node_modules/wrappy
1359 silly ADD node_modules/which
1360 silly ADD node_modules/victory-vendor
1361 silly ADD node_modules/vary
1362 silly ADD node_modules/validate-npm-package-name
1363 silly ADD node_modules/util-deprecate
1364 silly ADD node_modules/use-sync-external-store
1365 silly ADD node_modules/use-sidecar
1366 silly ADD node_modules/use-callback-ref
1367 silly ADD node_modules/update-browserslist-db
1368 silly ADD node_modules/unpipe
1369 silly ADD node_modules/universalify
1370 silly ADD node_modules/unicorn-magic
1371 silly ADD node_modules/undici-types
1372 silly ADD node_modules/undici
1373 silly ADD node_modules/typescript
1374 silly ADD node_modules/type-is
1375 silly ADD node_modules/type-is/node_modules/content-type
1376 silly ADD node_modules/tslib
1377 silly ADD node_modules/tsconfig-paths
1378 silly ADD node_modules/ts-morph
1379 silly ADD node_modules/toidentifier
1380 silly ADD node_modules/to-regex-range
1381 silly ADD node_modules/tinypool
1382 silly ADD node_modules/tiny-invariant
1383 silly ADD node_modules/tapable
1384 silly ADD node_modules/tailwindcss
1385 silly ADD node_modules/tailwind-merge
1386 silly ADD node_modules/systeminformation
1387 silly ADD node_modules/styled-jsx
1388 silly ADD node_modules/strip-final-newline
1389 silly ADD node_modules/strip-bom
1390 silly ADD node_modules/strip-ansi
1391 silly ADD node_modules/stringify-object
1392 silly ADD node_modules/stringify-object/node_modules/is-obj
1393 silly ADD node_modules/string-width
1394 silly ADD node_modules/string-width/node_modules/strip-ansi
1395 silly ADD node_modules/string-width/node_modules/ansi-regex
1396 silly ADD node_modules/stdin-discarder
1397 silly ADD node_modules/statuses
1398 silly ADD node_modules/source-map-js
1399 silly ADD node_modules/source-map
1400 silly ADD node_modules/socks
1401 silly ADD node_modules/smart-buffer
1402 silly ADD node_modules/sisteransi
1403 silly ADD node_modules/signal-exit
1404 silly ADD node_modules/side-channel-weakmap
1405 silly ADD node_modules/side-channel-map
1406 silly ADD node_modules/side-channel-list
1407 silly ADD node_modules/side-channel
1408 silly ADD node_modules/shebang-regex
1409 silly ADD node_modules/shebang-command
1410 silly ADD node_modules/shadcn
1411 silly ADD node_modules/shadcn/node_modules/undici
1412 silly ADD node_modules/setprototypeof
1413 silly ADD node_modules/serve-static
1414 silly ADD node_modules/send
1415 silly ADD node_modules/semver
1416 silly ADD node_modules/scheduler
1417 silly ADD node_modules/safer-buffer
1418 silly ADD node_modules/run-parallel
1419 silly ADD node_modules/run-applescript
1420 silly ADD node_modules/router
1421 silly ADD node_modules/reusify
1422 silly ADD node_modules/restore-cursor
1423 silly ADD node_modules/restore-cursor/node_modules/onetime
1424 silly ADD node_modules/resolve-from
1425 silly ADD node_modules/reselect
1426 silly ADD node_modules/require-from-string
1427 silly ADD node_modules/redux-thunk
1428 silly ADD node_modules/redux
1429 silly ADD node_modules/recharts
1430 silly ADD node_modules/recharts/node_modules/reselect
1431 silly ADD node_modules/recast
1432 silly ADD node_modules/react-style-singleton
1433 silly ADD node_modules/react-resizable-panels
1434 silly ADD node_modules/react-remove-scroll-bar
1435 silly ADD node_modules/react-remove-scroll
1436 silly ADD node_modules/react-redux
1437 silly ADD node_modules/react-is
1438 silly ADD node_modules/react-dom
1439 silly ADD node_modules/react-day-picker
1440 silly ADD node_modules/react
1441 silly ADD node_modules/raw-body
1442 silly ADD node_modules/range-parser
1443 silly ADD node_modules/queue-microtask
1444 silly ADD node_modules/qs
1445 silly ADD node_modules/proxy-addr
1446 silly ADD node_modules/prompts
1447 silly ADD node_modules/prompts/node_modules/kleur
1448 silly ADD node_modules/pretty-ms
1449 silly ADD node_modules/powershell-utils
1450 silly ADD node_modules/postcss-selector-parser
1451 silly ADD node_modules/postcss
1452 silly ADD node_modules/pkg-up
1453 silly ADD node_modules/pkce-challenge
1454 silly ADD node_modules/picomatch
1455 silly ADD node_modules/picocolors
1456 silly ADD node_modules/path-to-regexp
1457 silly ADD node_modules/path-key
1458 silly ADD node_modules/path-exists
1459 silly ADD node_modules/path-browserify
1460 silly ADD node_modules/parseurl
1461 silly ADD node_modules/parse-ms
1462 silly ADD node_modules/parse-json
1463 silly ADD node_modules/parent-module
1464 silly ADD node_modules/p-try
1465 silly ADD node_modules/p-locate
1466 silly ADD node_modules/p-limit
1467 silly ADD node_modules/oxlint-tsgolint
1468 silly ADD node_modules/oxlint
1469 silly ADD node_modules/oxfmt
1470 silly ADD node_modules/ora
1471 silly ADD node_modules/ora/node_modules/strip-ansi
1472 silly ADD node_modules/ora/node_modules/ansi-regex
1473 silly ADD node_modules/open
1474 silly ADD node_modules/onetime
1475 silly ADD node_modules/onetime/node_modules/mimic-fn
1476 silly ADD node_modules/once
1477 silly ADD node_modules/on-finished
1478 silly ADD node_modules/object-treeify
1479 silly ADD node_modules/object-inspect
1480 silly ADD node_modules/object-assign
1481 silly ADD node_modules/npm-run-path
1482 silly ADD node_modules/npm-run-path/node_modules/path-key
1483 silly ADD node_modules/node-releases
1484 silly ADD node_modules/next
1485 silly ADD node_modules/next/node_modules/sharp
1486 silly ADD node_modules/next/node_modules/semver
1487 silly ADD node_modules/next/node_modules/postcss
1488 silly ADD node_modules/next/node_modules/@img/sharp-libvips-darwin-arm64
1489 silly ADD node_modules/next/node_modules/@img/sharp-darwin-arm64
1490 silly ADD node_modules/negotiator
1491 silly ADD node_modules/negotiator/node_modules/content-type
1492 silly ADD node_modules/nanoid
1493 silly ADD node_modules/ms
1494 silly ADD node_modules/minimist
1495 silly ADD node_modules/minimatch
1496 silly ADD node_modules/mimic-function
1497 silly ADD node_modules/mimic-fn
1498 silly ADD node_modules/mime-types
1499 silly ADD node_modules/mime-db
1500 silly ADD node_modules/micromatch
1501 silly ADD node_modules/micromatch/node_modules/picomatch
1502 silly ADD node_modules/merge2
1503 silly ADD node_modules/merge-stream
1504 silly ADD node_modules/merge-descriptors
1505 silly ADD node_modules/media-typer
1506 silly ADD node_modules/math-intrinsics
1507 silly ADD node_modules/magic-string
1508 silly ADD node_modules/lucide-react
1509 silly ADD node_modules/lru-cache
1510 silly ADD node_modules/log-symbols
1511 silly ADD node_modules/log-symbols/node_modules/is-unicode-supported
1512 silly ADD node_modules/locate-path
1513 silly ADD node_modules/lines-and-columns
1514 silly ADD node_modules/lightningcss-darwin-arm64
1515 silly ADD node_modules/lightningcss
1516 silly ADD node_modules/kleur
1517 silly ADD node_modules/jsonfile
1518 silly ADD node_modules/json5
1519 silly ADD node_modules/json-schema-typed
1520 silly ADD node_modules/json-schema-traverse
1521 silly ADD node_modules/json-parse-even-better-errors
1522 silly ADD node_modules/jsesc
1523 silly ADD node_modules/js-yaml
1524 silly ADD node_modules/js-tokens
1525 silly ADD node_modules/jose
1526 silly ADD node_modules/jiti
1527 silly ADD node_modules/isexe
1528 silly ADD node_modules/is-wsl
1529 silly ADD node_modules/is-unicode-supported
1530 silly ADD node_modules/is-stream
1531 silly ADD node_modules/is-regexp
1532 silly ADD node_modules/is-promise
1533 silly ADD node_modules/is-plain-obj
1534 silly ADD node_modules/is-obj
1535 silly ADD node_modules/is-number
1536 silly ADD node_modules/is-interactive
1537 silly ADD node_modules/is-inside-container
1538 silly ADD node_modules/is-in-ssh
1539 silly ADD node_modules/is-glob
1540 silly ADD node_modules/is-extglob
1541 silly ADD node_modules/is-docker
1542 silly ADD node_modules/is-arrayish
1543 silly ADD node_modules/ipaddr.js
1544 silly ADD node_modules/ip-address
1545 silly ADD node_modules/internmap
1546 silly ADD node_modules/input-otp
1547 silly ADD node_modules/inherits
1548 silly ADD node_modules/import-fresh
1549 silly ADD node_modules/immer
1550 silly ADD node_modules/ignore
1551 silly ADD node_modules/iconv-lite
1552 silly ADD node_modules/human-signals
1553 silly ADD node_modules/http-errors
1554 silly ADD node_modules/hono
1555 silly ADD node_modules/hasown
1556 silly ADD node_modules/has-symbols
1557 silly ADD node_modules/graceful-fs
1558 silly ADD node_modules/gopd
1559 silly ADD node_modules/glob-parent
1560 silly ADD node_modules/get-stream
1561 silly ADD node_modules/get-proto
1562 silly ADD node_modules/get-own-enumerable-keys
1563 silly ADD node_modules/get-nonce
1564 silly ADD node_modules/get-intrinsic
1565 silly ADD node_modules/get-east-asian-width
1566 silly ADD node_modules/gensync
1567 silly ADD node_modules/fuzzysort
1568 silly ADD node_modules/function-bind
1569 silly ADD node_modules/fs-extra
1570 silly ADD node_modules/fresh
1571 silly ADD node_modules/forwarded
1572 silly ADD node_modules/find-up
1573 silly ADD node_modules/finalhandler
1574 silly ADD node_modules/fill-range
1575 silly ADD node_modules/figures
1576 silly ADD node_modules/fdir
1577 silly ADD node_modules/fastq
1578 silly ADD node_modules/fast-uri
1579 silly ADD node_modules/fast-glob
1580 silly ADD node_modules/fast-deep-equal
1581 silly ADD node_modules/express-rate-limit
1582 silly ADD node_modules/express
1583 silly ADD node_modules/execa
1584 silly ADD node_modules/eventsource-parser
1585 silly ADD node_modules/eventsource
1586 silly ADD node_modules/eventemitter3
1587 silly ADD node_modules/etag
1588 silly ADD node_modules/esprima
1589 silly ADD node_modules/escape-html
1590 silly ADD node_modules/escalade
1591 silly ADD node_modules/es-toolkit
1592 silly ADD node_modules/es-object-atoms
1593 silly ADD node_modules/es-errors
1594 silly ADD node_modules/es-define-property
1595 silly ADD node_modules/error-ex
1596 silly ADD node_modules/env-paths
1597 silly ADD node_modules/enquirer
1598 silly ADD node_modules/enhanced-resolve
1599 silly ADD node_modules/encodeurl
1600 silly ADD node_modules/emoji-regex
1601 silly ADD node_modules/embla-carousel-reactive-utils
1602 silly ADD node_modules/embla-carousel-react
1603 silly ADD node_modules/embla-carousel
1604 silly ADD node_modules/electron-to-chromium
1605 silly ADD node_modules/ee-first
1606 silly ADD node_modules/dunder-proto
1607 silly ADD node_modules/dotenv
1608 silly ADD node_modules/dot-prop
1609 silly ADD node_modules/diff
1610 silly ADD node_modules/detect-node-es
1611 silly ADD node_modules/detect-libc
1612 silly ADD node_modules/depd
1613 silly ADD node_modules/define-lazy-prop
1614 silly ADD node_modules/default-browser-id
1615 silly ADD node_modules/default-browser
1616 silly ADD node_modules/deepmerge
1617 silly ADD node_modules/dedent
1618 silly ADD node_modules/decimal.js-light
1619 silly ADD node_modules/debug
1620 silly ADD node_modules/debounce-fn
1621 silly ADD node_modules/date-fns-jalali
1622 silly ADD node_modules/date-fns
1623 silly ADD node_modules/d3-timer
1624 silly ADD node_modules/d3-time-format
1625 silly ADD node_modules/d3-time
1626 silly ADD node_modules/d3-shape
1627 silly ADD node_modules/d3-scale
1628 silly ADD node_modules/d3-path
1629 silly ADD node_modules/d3-interpolate
1630 silly ADD node_modules/d3-format
1631 silly ADD node_modules/d3-ease
1632 silly ADD node_modules/d3-color
1633 silly ADD node_modules/d3-array
1634 silly ADD node_modules/csstype
1635 silly ADD node_modules/cssesc
1636 silly ADD node_modules/cross-spawn
1637 silly ADD node_modules/cross-spawn/node_modules/which
1638 silly ADD node_modules/cross-spawn/node_modules/isexe
1639 silly ADD node_modules/cosmiconfig
1640 silly ADD node_modules/cors
1641 silly ADD node_modules/cookie-signature
1642 silly ADD node_modules/cookie
1643 silly ADD node_modules/convert-source-map
1644 silly ADD node_modules/content-type
1645 silly ADD node_modules/content-disposition
1646 silly ADD node_modules/conf
1647 silly ADD node_modules/conf/node_modules/semver
1648 silly ADD node_modules/conf/node_modules/json-schema-typed
1649 silly ADD node_modules/conf/node_modules/ajv-formats
1650 silly ADD node_modules/commander
1651 silly ADD node_modules/code-block-writer
1652 silly ADD node_modules/cmdk
1653 silly ADD node_modules/clsx
1654 silly ADD node_modules/client-only
1655 silly ADD node_modules/cli-spinners
1656 silly ADD node_modules/cli-cursor
1657 silly ADD node_modules/class-variance-authority
1658 silly ADD node_modules/chalk
1659 silly ADD node_modules/caniuse-lite
1660 silly ADD node_modules/callsites
1661 silly ADD node_modules/call-bound
1662 silly ADD node_modules/call-bind-apply-helpers
1663 silly ADD node_modules/bytes
1664 silly ADD node_modules/bundle-name
1665 silly ADD node_modules/browserslist
1666 silly ADD node_modules/braces
1667 silly ADD node_modules/brace-expansion
1668 silly ADD node_modules/body-parser
1669 silly ADD node_modules/body-parser/node_modules/content-type
1670 silly ADD node_modules/baseline-browser-mapping
1671 silly ADD node_modules/balanced-match
1672 silly ADD node_modules/atomically
1673 silly ADD node_modules/ast-types
1674 silly ADD node_modules/aria-hidden
1675 silly ADD node_modules/argparse
1676 silly ADD node_modules/ansi-regex
1677 silly ADD node_modules/ansi-colors
1678 silly ADD node_modules/ajv-formats
1679 silly ADD node_modules/ajv
1680 silly ADD node_modules/accepts
1681 silly ADD node_modules/@vercel/speed-insights
1682 silly ADD node_modules/@vercel/analytics
1683 silly ADD node_modules/@types/validate-npm-package-name
1684 silly ADD node_modules/@types/use-sync-external-store
1685 silly ADD node_modules/@types/react-dom
1686 silly ADD node_modules/@types/react
1687 silly ADD node_modules/@types/node
1688 silly ADD node_modules/@types/d3-timer
1689 silly ADD node_modules/@types/d3-time
1690 silly ADD node_modules/@types/d3-shape
1691 silly ADD node_modules/@types/d3-scale
1692 silly ADD node_modules/@types/d3-path
1693 silly ADD node_modules/@types/d3-interpolate
1694 silly ADD node_modules/@types/d3-ease
1695 silly ADD node_modules/@types/d3-color
1696 silly ADD node_modules/@types/d3-array
1697 silly ADD node_modules/@ts-morph/common
1698 silly ADD node_modules/@tailwindcss/postcss
1699 silly ADD node_modules/@tailwindcss/oxide-darwin-arm64
1700 silly ADD node_modules/@tailwindcss/oxide
1701 silly ADD node_modules/@tailwindcss/node
1702 silly ADD node_modules/@swc/helpers
1703 silly ADD node_modules/@standard-schema/utils
1704 silly ADD node_modules/@standard-schema/spec
1705 silly ADD node_modules/@sindresorhus/merge-streams
1706 silly ADD node_modules/@shadcn/react
1707 silly ADD node_modules/@sec-ant/readable-stream
1708 silly ADD node_modules/@reduxjs/toolkit
1709 silly ADD node_modules/@reduxjs/toolkit/node_modules/immer
1710 silly ADD node_modules/@radix-ui/react-use-layout-effect
1711 silly ADD node_modules/@radix-ui/react-use-effect-event
1712 silly ADD node_modules/@radix-ui/react-use-controllable-state
1713 silly ADD node_modules/@radix-ui/react-use-callback-ref
1714 silly ADD node_modules/@radix-ui/react-slot
1715 silly ADD node_modules/@radix-ui/react-primitive
1716 silly ADD node_modules/@radix-ui/react-presence
1717 silly ADD node_modules/@radix-ui/react-portal
1718 silly ADD node_modules/@radix-ui/react-id
1719 silly ADD node_modules/@radix-ui/react-focus-scope
1720 silly ADD node_modules/@radix-ui/react-focus-guards
1721 silly ADD node_modules/@radix-ui/react-dismissable-layer
1722 silly ADD node_modules/@radix-ui/react-dialog
1723 silly ADD node_modules/@radix-ui/react-context
1724 silly ADD node_modules/@radix-ui/react-compose-refs
1725 silly ADD node_modules/@radix-ui/primitive
1726 silly ADD node_modules/@oxlint/binding-darwin-arm64
1727 silly ADD node_modules/@oxlint-tsgolint/darwin-arm64
1728 silly ADD node_modules/@oxfmt/binding-darwin-arm64
1729 silly ADD node_modules/@nodelib/fs.walk
1730 silly ADD node_modules/@nodelib/fs.stat
1731 silly ADD node_modules/@nodelib/fs.scandir
1732 silly ADD node_modules/@next/swc-darwin-arm64
1733 silly ADD node_modules/@next/env
1734 silly ADD node_modules/@modelcontextprotocol/sdk
1735 silly ADD node_modules/@jridgewell/trace-mapping
1736 silly ADD node_modules/@jridgewell/sourcemap-codec
1737 silly ADD node_modules/@jridgewell/resolve-uri
1738 silly ADD node_modules/@jridgewell/remapping
1739 silly ADD node_modules/@jridgewell/gen-mapping
1740 silly ADD node_modules/@img/colour
1741 silly ADD node_modules/@hono/node-server
1742 silly ADD node_modules/@floating-ui/utils
1743 silly ADD node_modules/@floating-ui/react-dom
1744 silly ADD node_modules/@floating-ui/dom
1745 silly ADD node_modules/@floating-ui/core
1746 silly ADD node_modules/@dotenvx/primitives
1747 silly ADD node_modules/@dotenvx/dotenvx
1748 silly ADD node_modules/@dotenvx/dotenvx/node_modules/strip-final-newline
1749 silly ADD node_modules/@dotenvx/dotenvx/node_modules/signal-exit
1750 silly ADD node_modules/@dotenvx/dotenvx/node_modules/open
1751 silly ADD node_modules/@dotenvx/dotenvx/node_modules/npm-run-path
1752 silly ADD node_modules/@dotenvx/dotenvx/node_modules/is-wsl
1753 silly ADD node_modules/@dotenvx/dotenvx/node_modules/is-stream
1754 silly ADD node_modules/@dotenvx/dotenvx/node_modules/is-docker
1755 silly ADD node_modules/@dotenvx/dotenvx/node_modules/human-signals
1756 silly ADD node_modules/@dotenvx/dotenvx/node_modules/get-stream
1757 silly ADD node_modules/@dotenvx/dotenvx/node_modules/execa
1758 silly ADD node_modules/@dotenvx/dotenvx/node_modules/define-lazy-prop
1759 silly ADD node_modules/@dotenvx/dotenvx/node_modules/commander
1760 silly ADD node_modules/@date-fns/tz
1761 silly ADD node_modules/@base-ui/utils
1762 silly ADD node_modules/@base-ui/react
1763 silly ADD node_modules/@babel/types
1764 silly ADD node_modules/@babel/traverse
1765 silly ADD node_modules/@babel/template
1766 silly ADD node_modules/@babel/runtime
1767 silly ADD node_modules/@babel/preset-typescript
1768 silly ADD node_modules/@babel/plugin-transform-typescript
1769 silly ADD node_modules/@babel/plugin-transform-modules-commonjs
1770 silly ADD node_modules/@babel/plugin-syntax-typescript
1771 silly ADD node_modules/@babel/plugin-syntax-jsx
1772 silly ADD node_modules/@babel/parser
1773 silly ADD node_modules/@babel/helpers
1774 silly ADD node_modules/@babel/helper-validator-option
1775 silly ADD node_modules/@babel/helper-validator-identifier
1776 silly ADD node_modules/@babel/helper-string-parser
1777 silly ADD node_modules/@babel/helper-skip-transparent-expression-wrappers
1778 silly ADD node_modules/@babel/helper-replace-supers
1779 silly ADD node_modules/@babel/helper-plugin-utils
1780 silly ADD node_modules/@babel/helper-optimise-call-expression
1781 silly ADD node_modules/@babel/helper-module-transforms
1782 silly ADD node_modules/@babel/helper-module-imports
1783 silly ADD node_modules/@babel/helper-member-expression-to-functions
1784 silly ADD node_modules/@babel/helper-globals
1785 silly ADD node_modules/@babel/helper-create-class-features-plugin
1786 silly ADD node_modules/@babel/helper-compilation-targets
1787 silly ADD node_modules/@babel/helper-annotate-as-pure
1788 silly ADD node_modules/@babel/generator
1789 silly ADD node_modules/@babel/core
1790 silly ADD node_modules/@babel/compat-data
1791 silly ADD node_modules/@babel/code-frame
1792 silly ADD node_modules/@alloc/quick-lru
1793 verbose cwd /Users/vojin/Documents/Poslovi/Dev By Vojin/devbyvojin_website
1794 verbose os Darwin 25.6.0
1795 verbose node v24.16.0
1796 verbose npm  v11.13.0
1797 notice
1797 notice New [31mmajor[39m version of npm available! [31m11.13.0[39m -> [34m12.0.2[39m
1797 notice Changelog: [34mhttps://github.com/npm/cli/releases/tag/v12.0.2[39m
1797 notice To update run: [4mnpm install -g npm@12.0.2[24m
1797 notice  { force: true, Symbol(proc-log.meta): true }
1798 verbose exit 0
1799 info ok
